district_code,data_source,property_id,dealing_number,unit_number,street_number,street_name,suburb,postcode,purchase_price,legal_description,area,area_type,dimensions,interest_of_sale,zoning,nature_of_property,primary_purpose,contract_date,settlement_date,sale_counter,download_datetime,property_name,strata_lot_number,vendor_gst_flag,propid_unique,source_year,source_week
223,ARCHIVE,1897942800000,2525755.0,,365,WILLOWDENE AV,LUDDENHAM,2745.0,500000.0,LOT 23 DP 259698 SUBJECT TO DRAINAGE EASEMENT.10 WIDE,10.11,H,,RB,R,,,1990-01-01,1990-01-01,,,,,,,1990,annual
14,ARCHIVE,0501700000000,338511.0,,76,BUDGEWOI RD,NORAVILLE,2262.0,54000.0,LOT 110 DP 26104.,696.0,M,,,A,,,1990-01-01,1990-01-01,,,,,,,1990,annual
54,ARCHIVE,T054920,,,25,BARELLAN ST,ARDLETHAN,2665.0,15000.0,LOT 14 SEC 7 TOWN OF ARDLETHAN,1012.0,M,,,A,,,1990-01-01,1990-01-01,,,,,,,1990,annual
192,ARCHIVE,T0483710000000,,,2,RAILWAY ST,ASHLEY,2400.0,0.0,LOTS 1/17 SEC 29 PO 89/10,5.0,H,,,,,,1990-01-01,1990-01-01,,,,,,,1990,annual
135,ARCHIVE,T602191,,,11,CUMBERLAND RD,AUBURN,2144.0,0.0,LOT B DP415476,358.0,M,18.29X19.86,,A,,,1990-01-01,1990-01-01,,,,,,,1990,annual
86,ARCHIVE,T605832,,,32,CURBAN ST,BALGOWLAH HEIGHTS,2093.0,0.0,LOT 3 DP758044 S23,716.0,M,16.28/14.66X44.58/51.92,,A,,,1990-01-01,1990-01-01,,,,,,,1990,annual
171,ARCHIVE,T0386600000000,,,19,DURIGAN PL,BANORA POINT,2486.0,0.0,LOT 61 DP 253699,0.0,M,18 X 35,,,,,1990-01-01,1990-01-01,,,,,,,1990,annual
171,ARCHIVE,T1283400000000,,,21,SUMMIT DR,BANORA POINT,2486.0,0.0,LOT 31 DP 236820,0.0,M,IRR39.42/0 X 34.01/36.65,,,,,1990-01-01,1990-01-01,,,,,,,1990,annual
81,ARCHIVE,T017490,,,56,PARK RD,BAULKHAM HILLS,2153.0,230000.0,LOT 2 DP239322,701.0,M,,,,,,1990-01-01,1990-01-01,,,,,,,1990,annual
141,ARCHIVE,T027143,,,3,TAUNTON ST,BLAKEHURST,2221.0,200000.0,LOT 16 SEC 1 DP 7754,697.0,M,15.24X45.72,,,,,1990-01-01,1990-01-01,,,,,,,1990,annual
40,ARCHIVE,T614655,,,,PH BOYLE,BRAIDWOOD,2622.0,0.0,PH BOYLE POR 334 & PO 90/1 (BEING POR 336 & 337),99.0,H,,,,,,1990-01-01,1990-01-01,,,,,,,1990,annual
137,ARCHIVE,T06672000000000,,4,51,SHAFTESBURY RD,BURWOOD,2134.0,0.0,LOT 4 SP 10933,0.0,M,,,,,,1990-01-01,1990-01-01,,,,,,,1990,annual
4,ARCHIVE,0T13802000000,,,8,PRINCE ST,CARDIFF SOUTH,2285.0,0.0,LOT A DP 418621,411.0,M,,,A,,,1990-01-01,1990-01-01,,,,,,,1990,annual
81,ARCHIVE,T1499300000000,,,49,VICTORIA RD,CASTLE HILL,2154.0,0.0,LOT 5A DP369456,2.0,H,,,,,,1990-01-01,1990-01-01,,,,,,,1990,annual
224,ARCHIVE,T630743,,,22,SALERNO CL,EMU HEIGHTS,2750.0,58500.0,LOT 3021 DP713606,626.0,M,,,,,,1990-01-01,1990-01-01,,,,,,,1990,annual
224,ARCHIVE,1600753230000,,,LOT 302,SALERNO CL,EMU PLAINS,2750.0,58500.0,LOT 3021 DP 713606.,626.1,M,,BC,A,,,1990-01-01,1990-01-01,,,,,,,1990,annual
51,ARCHIVE,T0209300000000,,,,OLD ADCOCKS RD,FINLEY,2713.0,0.0,LOT 111 DP752296 EP 028370,97.0,H,,,,,,1990-01-01,1990-01-01,,,,,,,1990,annual
219,ARCHIVE,T0000140000000,,,265,BELLS RD,GROSE VALE,2753.0,0.0,LOT 2 DP421491,2.0,H,,,,,,1990-01-01,1990-01-01,,,,,,,1990,annual
192,ARCHIVE,T0522930000000,,,,BELLATA ST,GURLEY,2398.0,0.0,LOT 3 SEC 3,2023.0,M,,,,,,1990-01-01,1990-01-01,,,,,,,1990,annual
162,ARCHIVE,T0440005100000,,,62,MINAMURRA DR,HARRINGTON,2427.0,0.0,LOT 39 DP715497,844.0,M,,,,,,1990-01-01,1990-01-01,,,,,,,1990,annual
160,ARCHIVE,T641086,,,,PH HARWOOD,HARWOOD ISLAND,2465.0,0.0,P O 70/15,0.0,M,,,,,,1990-01-01,1990-01-01,,,,,,,1990,annual
4,ARCHIVE,0T24029000000,,,50,EARL ST,HOLMESVILLE,2286.0,0.0,LOT 5 DP 3442,809.0,M,,,A,,,1990-01-01,1990-01-01,,,,,,,1990,annual
171,ARCHIVE,T1428700000000,,,37,VULCAN ST,KINGSCLIFF,2487.0,0.0,LOT 161 DP 245474,0.0,M,19.43 X 36.57,,,,,1990-01-01,1990-01-01,,,,,,,1990,annual
158,ARCHIVE,124430000000,,,,PH FAIRYMOUNT,KYOGLE,2474.0,50000.0,PH FAIRYMOUNT LOT 3 DP 618060,35.87,H,,RD,R,,,1990-01-01,1990-01-01,,,,,,,1990,annual
223,ARCHIVE,T2232906,,,,WILLOWDENE AV,LUDDENHAM,2745.0,500000.0,LOT 23 DP 259698,10.0,H,,,,,,1990-01-01,1990-01-01,,,,,,,1990,annual
118,ARCHIVE,T0023290100000,,,,OLIVE ST,MANDURAMA,2792.0,4000.0,LOT 1 DP194115 (LOT 4 SEC 16),1012.0,M,,,,,,1990-01-01,1990-01-01,,,,,,,1990,annual
86,ARCHIVE,T661980,,5,57,WHISTLER ST,MANLY,2095.0,0.0,LOT 5 SP 8420,679.0,M,UNIT ENT : 13.14 %,,A,,,1990-01-01,1990-01-01,,,,,,,1990,annual
142,ARCHIVE,T2116400004000,,4,157,THE GRAND PDE,MONTEREY,2217.0,0.0,LOT 4 SP2816,0.0,M,,,,,,1990-01-01,1990-01-01,,,,,,,1990,annual
142,ARCHIVE,T140021,,12,189,PRESIDENT AVE,MONTEREY,2217.0,140000.0,LOT 12 SP2791,0.0,M,,,,,,1990-01-01,1990-01-01,,,,,,,1990,annual
142,ARCHIVE,T0149200000000,,,90,BARTON ST,MONTEREY,2217.0,0.0,LOT B DP 393431,499.0,M,25.15 X 20.12,,,,,1990-01-01,1990-01-01,,,,,,,1990,annual
214,ARCHIVE,T667289,,,24,THE AVENUE,MOUNT DRUITT,2770.0,0.0,LOT 23 DP 21892,651.0,M,,,,,,1990-01-01,1990-01-01,,,,,,,1990,annual
91,ARCHIVE,T0937900000000,,9,18,CLARKE ST,NARRABEEN,2101.0,119000.0,LOT 9 SP12413,80.0,M,15.24X58.22,,,,,1990-01-01,1990-01-01,,,,,,,1990,annual
91,ARCHIVE,T4673900000000,,,17,WILLIAM ST,NORTH MANLY,2100.0,200000.0,LOT 28 DP7258,0.0,M,12.19X36.88/37.49,,,,,1990-01-01,1990-01-01,,,,,,,1990,annual
68,ARCHIVE,T0060413100000,,,,PH MATHOURA,PARISH PORTIONS,2710.0,0.0,LOT 1 DP 594315,251.0,H,,,R,,,1990-01-01,1990-01-01,,,,,,,1990,annual
68,ARCHIVE,T0149711000000,,,,PH NALLAM,PARISH PORTIONS,2710.0,0.0,1 7,146.0,H,,,R,,,1990-01-01,1990-01-01,,,,,,,1990,annual
224,ARCHIVE,T679066,,,1,DEESIDE CL,PENRITH,2750.0,28000.0,LOT 327 DP240525,929.0,M,54.56/44.22X/36.47,,,,,1990-01-01,1990-01-01,,,,,,,1990,annual
12,ARCHIVE,T0031913911000,,,,PH DARLINGTON,PH DARLINGTON,0.0,0.0,LOT 911 DP794486 SUBJ TO PIPELINE & TRANSMISSION LINE EASEMENT,9.0,H,,,,,,1990-01-01,1990-01-01,,,,,,,1990,annual
12,ARCHIVE,T0033341810000,,,,PH GOORANGOOLA,PH GOORANGOOLA,0.0,1.0,PH GOORANGOOLA LOT 101 DP731091 SUBJ TO ROW,2.0,H,,,,,,1990-01-01,1990-01-01,,,,,,,1990,annual
192,ARCHIVE,T1084110000000,,,,PH MORELLA,PH MORELLA,0.0,0.0,PORS 10/12 64 75 PO 88/15 LD WARIALDA,457.0,H,,,R,,,1990-01-01,1990-01-01,,,,,,,1990,annual
10,ARCHIVE,T688854,,,28,ALTON RD,RAYMOND TERRACE,2324.0,0.0,LOT 55 DP243408,556.0,M,17.09X32.72,,,,,1990-01-01,1990-01-01,,,,,,,1990,annual
51,ARCHIVE,T0238100000000,,,46,HENNESSY ST,TOCUMWAL,2714.0,0.0,SEC 3 LOT 9,2023.0,M,,,,,,1990-01-01,1990-01-01,,,,,,,1990,annual
51,ARCHIVE,T0253200000000,,,14,MURRAY ST,TOCUMWAL,2714.0,0.0,SEC 32,0.0,M,,,,,,1990-01-01,1990-01-01,,,,,,,1990,annual
171,ARCHIVE,T1007800000000,,,98,PANORAMA DR,TWEED HEADS,2485.0,40000.0,LOT 50 DP 29195,664.0,M,18.29 X 36.58,,,,,1990-01-01,1990-01-01,,,,,,,1990,annual
575,ARCHIVE,T0744600000007,,,330,LAKE ALBERT RD,WAGGA WAGGA,2650.0,0.0,LOT 24 DP38326,1012.0,M,20.12 X 50.29,,,,,1990-01-01,1990-01-01,,,,,,,1990,annual
8,ARCHIVE,T3958200000000,,,14,SANDGATE RD,WALLSEND,2307.0,0.0,LOT 1 DP599877,667.0,M,14.81/21.95 X 36.58/37.26,,A,,,1990-01-01,1990-01-01,,,,,,,1990,annual
14,VALNET1,0797700000000,343438.0,,12,CULWULLA ST,BERKELEY VALE,2259.0,102000.0,LOT 45 DP 28445.,537.5,M,,CB,A,,,1990-01-02,1990-01-02,,,,,,,1990,annual
114,ARCHIVE,0063300000000,1222984.0,,8,BELMORE ST,DUBBO,2830.0,89000.0,LOT B (RESUB LOT 18 PT LOT 17 SEC 4 DP 907)VO 6312 FO 246,0.0,M,,,A,,,1990-01-02,1990-01-02,,,,,,,1990,annual
114,ARCHIVE,0193700000000,1224943.0,,,CEDAR CT,DUBBO,2830.0,100000.0,LOT 15 DP 39716.,1066.0,M,,,A,,,1990-01-02,1990-01-02,,,,,,,1990,annual
14,VALNET1,1831400000000,358870.0,,59,KOORINDA AVE,LONG JETTY,2261.0,94000.0,LOT 1 DP 511604.,512.2,M,,CW,A,,,1990-01-02,1990-01-02,,,,,,,1990,annual
224,VALNET1,0437551000000,2540712.0,,30,COOMBES DR,PENRITH,2750.0,510000.0,LOT 2 DP 812166.,1.17,H,,NP,I,,,1990-01-02,1990-01-02,,,,,,,1990,annual
103,ARCHIVE,1056000000000,1143725.0,,16,DALTON ST,TOWRADGI,2518.0,99000.0,LOT 8 DP 38576.DIM,562.8,M,,AB,A,,,1990-01-02,1990-01-02,,,,,,,1990,annual
164,ARCHIVE,0388360062000,1799752.0,,,KUTA AV,VALLA BEACH,2448.0,48500.0,LOT 37 DP 805577.,670.0,M,,,A,,,1990-01-02,1990-01-02,,,,,,,1990,annual
50,ARCHIVE,T0659305700000,,,29,RINGWOOD CR,ALBURY,2640.0,129000.0,DP255892 LOT 22,1238.0,M,,,A,,,1990-01-02,1990-01-02,,,,,,,1990,annual
114,ARCHIVE,T0907000000000,,,21,NARDOO ST,BALLIMORE,2830.0,5000.0,CNR LOTS 1/2 SEC 5 DP758046 VILLAGE OF BALLIMORE,4047.0,M,,,,,,1990-01-02,1990-01-02,,,,,,,1990,annual
86,ARCHIVE,T013874,,,1,GORDON ST,BALGOWLAH HEIGHTS,2093.0,1650000.0,PART LOT 86 DP 9517 VOL 3582 FOL 179,230.0,M,0,,,,,1990-01-02,1990-01-02,,,,,,,1990,annual
97,ARCHIVE,T0041601000000,,3,440,BEACH RD,BATEMANS BAY,2536.0,96500.0,LOT 3 SP22059,0.0,M,,,A,,,1990-01-02,1990-01-02,,,,,,,1990,annual
214,ARCHIVE,T613572,,,65,TURNER ST,BLACKTOWN,2148.0,0.0,LOT 335 DP 7875,1107.0,M,,,,,,1990-01-02,1990-01-02,,,,,,,1990,annual
226,ARCHIVE,T0197600000000,,,31,EAST PDE,BUXTON,2571.0,85000.0,LOT 45 SEC 6 DP2444,423.0,M,,,,,,1990-01-02,1990-01-02,,,,,,,1990,annual
81,ARCHIVE,T1590829000000,,,28,YARRALUMLA DR,CARLINGFORD,2118.0,0.0,LOT 8 DP239418,773.0,M,,,,,,1990-01-02,1990-01-02,,,,,,,1990,annual
82,ARCHIVE,T225221,,,48,WESTMINSTER DR,CASTLE HILL,2154.0,122500.0,LOT 13 DP800015,915.0,M,30.010 X 28.520,,,,,1990-01-02,1990-01-02,,,,,,,1990,annual
214,ARCHIVE,T626077,,,9,CRESWICK PL,DHARRUK,2770.0,0.0,LOT 62 DP 249134,559.0,M,,,,,,1990-01-02,1990-01-02,,,,,,,1990,annual
204,ARCHIVE,T0889000000000,,,340,VICTORIA PL,DRUMMOYNE,2047.0,0.0,PT LOT 16 DP1514,382.0,M,9.45X42.34/40.31,,,,,1990-01-02,1990-01-02,,,,,,,1990,annual
114,ARCHIVE,108000000000,,,126,BOURKE ST,DUBBO,2830.0,73500.0,LOT 20 DP 1367 & LOT 2 DP 101307 (BEING LOTS 1/8 SP 4321),1165.0,M,,,A,,,1990-01-02,1990-01-02,,,,,,,1990,annual
112,ARCHIVE,T0024701000002,,,,ADELYNE ST,DUNEDOO,2844.0,1.0,LOT 10 SEC 32,2020.0,M,,,A,,,1990-01-02,1990-01-02,,,,,,,1990,annual
51,ARCHIVE,T0276600000000,,,,TONGS ST,FINLEY,2713.0,54000.0,,1.0,H,,,,,,1990-01-02,1990-01-02,,,,,,,1990,annual
223,ARCHIVE,T639708,,,38,RUNDLE RD,GREEN VALLEY,2168.0,0.0,LOT 7 DP 245110,569.0,M,15.55X37.25,,,,,1990-01-02,1990-01-02,,,,,,,1990,annual
89,ARCHIVE,T161854,,,181,ROBERTSON ST,GUILDFORD,2150.0,119950.0,LOT 10 DP 24304,645.0,M,,,,,,1990-01-02,1990-01-02,,,,,,,1990,annual
243,ARCHIVE,T0128600035009,,,225,PINE ST,HAY,2711.0,31500.0,LOT 4 DP1719,461.0,M,11.580 40.230,,Z,,,1990-01-02,1990-01-02,,,,,,,1990,annual
243,ARCHIVE,T0080400000008,,,183,LACHLAN ST,HAY,2711.0,230000.0,COR LOT B 21520,467.0,M,49.230,,Z,,,1990-01-02,1990-01-02,,,,,,,1990,annual
220,ARCHIVE,T28931,,,427,WALLGROVE RD,HORSLEY PARK,2164.0,378000.0,LOT 8 DP 28030,2.0,H,57.34/76.22 X 260.26/258.38,,,,,1990-01-02,1990-01-02,,,,,,,1990,annual
83,ARCHIVE,T083620,,,23,GLENVIEW CRES,HUNTERS HILL,2110.0,1000000.0,LOT 1 DP900754,1867.0,M,,,A,,,1990-01-02,1990-01-02,,,,,,,1990,annual
1,ARCHIVE,T0156670000000,,,,YANGO CREEK RD,LAGUNA,2325.0,28000.0,PH YANGO LOT 1341 DP791224,41.0,H,,,,,,1990-01-02,1990-01-02,,,,,,,1990,annual
14,ARCHIVE,T1831400000000,,,59,KOORINDA AV,LONG JETTY,2261.0,94000.0,LOT 1 DP 511604,512.0,M,18.29/15.24X30.63/30.48 8.290 X 30.630,,,,,1990-01-02,1990-01-02,,,,,,,1990,annual
207,ARCHIVE,T0010819005074,,,124,FERGUSON ST,MAROUBRA,2035.0,0.0,LOT 8 DP 589561,327.0,M,10.67X31.24,,,,,1990-01-02,1990-01-02,,,,,,,1990,annual
207,ARCHIVE,T0017417001017,,1,6,MCKEON ST,MAROUBRA,2035.0,0.0,LOT 1 SP 725,0.0,M,,,,,,1990-01-02,1990-01-02,,,,,,,1990,annual
211,ARCHIVE,T146004,,,121A,KING ST,NEWTOWN,2042.0,500000.0,LOT C/E DP442816,127.0,M,9.07/8.64 X 23.29/22.10,,,,,1990-01-02,1990-01-02,,,,,,,1990,annual
91,ARCHIVE,T4742000000000,,,24,WOOLGOOLGA ST,NORTH BALGOWLAH,2093.0,203500.0,LOT 32 DP11915,0.0,M,12.95X30.58,,,,,1990-01-02,1990-01-02,,,,,,,1990,annual
116,ARCHIVE,T11649013,,,11,VICTORIA ST,PARKES,2600.0,59000.0,PART LOT 10 SEC 23,619.0,M,24.99,,O,,,1990-01-02,1990-01-02,,,,,,,1990,annual
575,ARCHIVE,T1622900000001,,,,PH BURRANDANA,PH BURRANDANA,2650.0,95000.0,LOTS 28 40 56 DP754544,41.0,H,,,,,,1990-01-02,1990-01-02,,,,,,,1990,annual
214,ARCHIVE,T167931,,18,195,PROSPECT HWY,PROSPECT,2148.0,167000.0,LOT 18 SP 36032,167.0,M,,,,,,1990-01-02,1990-01-02,,,,,,,1990,annual
84,ARCHIVE,T1506900000000,,,12,KNOWLMAN AVE,PYMBLE,2073.0,430000.0,LOT 26 DP11748,907.0,M,21.34X42.8'42.29,,,,,1990-01-02,1990-01-02,,,,,,,1990,annual
197,ARCHIVE,T688762,,,31,PRYOR ST,QUIRINDI,2343.0,1.0,LOT PART 51,0.0,M,,,,,,1990-01-02,1990-01-02,,,,,,,1990,annual
149,ARCHIVE,T14953136,,,,YELLOW ROCK RD,RALEIGH,2454.0,150000.0,PH STH BGN LOT 1 DP601550,14.0,H,,,,,,1990-01-02,1990-01-02,,,,,,,1990,annual
142,ARCHIVE,T0721200000000,,,102,FARR ST,ROCKDALE,2216.0,0.0,SEC 1 LOT 26 & PT 27 DP 1677,482.0,M,12.8X38.53/38.38,,,,,1990-01-02,1990-01-02,,,,,,,1990,annual
204,ARCHIVE,T0801300000000,,,22,SIBBICK ST,RUSSELL LEA,2046.0,0.0,LOT 5 DP8380,557.0,M,14.02X39.62,,,,,1990-01-02,1990-01-02,,,,,,,1990,annual
89,ARCHIVE,T192472,,,36,MILLER ST,SOUTH GRANVILLE,2461.0,190000.0,LOT 205 DP 14156,563.0,M,,,,,,1990-01-02,1990-01-02,,,,,,,1990,annual
14,VALNET1,0192100000000,,,5 - 7,BAMBURY AVE,SUMMERLAND POINT,2259.0,111000.0,LOTS 188-190 DP 579128.,1823.0,M,,DJ,A,,,1990-01-02,1990-01-02,,,,,,,1990,annual
698,ARCHIVE,T1221900000002,,,25,KING ST,TAMWORTH,2340.0,0.0,LOT 23 SEC AC DP 975059,1113.0,M,22.17 X 50.29,,,,,1990-01-02,1990-01-02,,,,,,,1990,annual
162,ARCHIVE,T1010400000000,,,20,RITCHIE CR,TAREE,2430.0,173000.0,LOT 91 DP31683,638.0,M,,,,,,1990-01-02,1990-01-02,,,,,,,1990,annual
171,ARCHIVE,T0118100000000,,1,19,BOYD ST,TWEED HEADS,2485.0,0.0,LOT 1 SP 16357,0.0,M,UNIT ENT : 10 %,,,,,1990-01-02,1990-01-02,,,,,,,1990,annual
575,ARCHIVE,T0827600000000,,,1,MANOORA AV,WAGGA WAGGA,2650.0,80000.0,LOT 51 DP26885,872.0,M,ARC 49.66/0 X 36.47/30.48,,,,,1990-01-02,1990-01-02,,,,,,,1990,annual
1,ARCHIVE,T0118730000000,,,49,APPLETON AV,WESTON,2326.0,0.0,SEC 5 LOT 107 DP12915,0.0,M,15.24X40.23,,,,,1990-01-02,1990-01-02,,,,,,,1990,annual
160,ARCHIVE,T718821,,,,PH WOODFORD,WOODFORD ISLAND,2463.0,0.0,PORS 192 & 208,87.0,H,,,,,,1990-01-02,1990-01-02,,,,,,,1990,annual
144,ARCHIVE,T4506400000000,,,120,WOOLOOWARE RD S,WOOLOOWARE,2230.0,327500.0,LOT 46 DP6493,609.0,M,15.09X40.39,,,,,1990-01-02,1990-01-02,,,,,,,1990,annual
160,ARCHIVE,T16068715,,,6,LINK ST,YAMBA,2464.0,150000.0,LOT 14 DP22174,462.0,M,,,,,,1990-01-02,1990-01-02,,,,,,,1990,annual
220,ARCHIVE,T22391,,,107,RAILWAY ST,YENNORA,2161.0,120000.0,PT LOTS 1/2 & 10 DP 812983 (RESUB OF PT LOT 37 DP 2679),1126.0,M,,,,,,1990-01-02,1990-01-02,,,,,,,1990,annual
223,ARCHIVE,1667800000000,2519754.0,,21,STOCKTON AV,MOOREBANK,2170.0,1111.0,LOT 25 DP 228324.ARC 31.98/12.04X31.88/31.52,670.3,M,, S,A,,,1990-01-03,1990-01-03,,,,,,,1990,annual
82,VALNET1,0491800000000,632897.0,,24,CARCOOLA CR,NORMANHURST,2076.0,229000.0,LOT 28 DP 31482.,739.8,M,,EC,A,,,1990-01-03,1990-01-03,,,,,,,1990,annual
103,ARCHIVE,2525400000000,1166452.0,,449,LAWRENCE HARGRAVE DR,SCARBOROUGH,2515.0,70000.0,LOT 7 SEC B DP 2693.,0.0,M,,,A,,,1990-01-03,1990-01-03,,,,,,,1990,annual
82,ARCHIVE,T223536,,,411,PACIFIC HWY,ASQUITH,2077.0,132000.0,LOT PT7 DP12901,698.0,M,16.260 X 42.900,,,,,1990-01-03,1990-01-03,,,,,,,1990,annual
136,ARCHIVE,T3326450790000,,,73,OLD TOWN CENTRE PLZ,BANKSTOWN,2200.0,758000.0,LOT 37 DP 16888,89.0,M,ARC 9.14 /4.27 X 13.18 / 15.04,,,,,1990-01-03,1990-01-03,,,,,,,1990,annual
14,ARCHIVE,T2878200000000,,,33,RESERVE DR,BATEAU BAY,2261.0,0.0,LOT 5 SEC 5 DP 758063,651.0,M,15.24/14.91X42.54/45.72 SPL COR 15.240 X,,,,,1990-01-03,1990-01-03,,,,,,,1990,annual
91,ARCHIVE,T4445800000000,,,11,WAREKILA RD,BEACON HILL,2100.0,260000.0,LOT 6 SEC 97,556.0,M,18.29X30.48,,,,,1990-01-03,1990-01-03,,,,,,,1990,annual
214,ARCHIVE,T611990,,,156,KILDARE RD,BLACKTOWN,2148.0,0.0,LOT 1 DP 26854,556.0,M,,,,,,1990-01-03,1990-01-03,,,,,,,1990,annual
234,ARCHIVE,715600000000,,,,PELL ST,BROKEN HILL,2880.0,3000.0,PORTION 1034,3832.0,M,,AJ,A,,,1990-01-03,1990-01-03,,,,,,,1990,annual
218,ARCHIVE,T0687000000000,,,13,MITCHELL ST,CAMPBELLTOWN,2560.0,0.0,LOT 26 DP30783,556.0,M,17.07/18.75X41.02/27.89,,,,,1990-01-03,1990-01-03,,,,,,,1990,annual
81,ARCHIVE,T048581,,,9,ULUNDRI DR,CASTLE HILL,2154.0,315000.0,LOT 21 DP258211,901.0,M,,,,,,1990-01-03,1990-01-03,,,,,,,1990,annual
81,ARCHIVE,T0926804010000,,,,NEVILLE CT,CASTLE HILL,2154.0,0.0,LOT 2 DP793815,3.0,H,,,,,,1990-01-03,1990-01-03,,,,,,,1990,annual
91,ARCHIVE,T2110080300000,,,8,JAMES WHEELER PL,COLLAROY PLATEAU,2097.0,425000.0,LOT 13 DP262862,725.0,M,21.36 IRR/18.35X35.98/37.48,,,,,1990-01-03,1990-01-03,,,,,,,1990,annual
139,ARCHIVE,T057098,,4,15,STUART ST,CONCORD WEST,2138.0,71500.0,LOT 4 SP 6929,0.0,M,,,,,,1990-01-03,1990-01-03,,,,,,,1990,annual
24,ARCHIVE,T623618,,,33,URSULA ST,COOTAMUNDRA,2590.0,0.0,LOT 61 DP226915,657.0,M,16.76/17.91X36.12/40.82,,A,,,1990-01-03,1990-01-03,,,,,,,1990,annual
24,ARCHIVE,T623485,,,13,HOVELL ST,COOTAMUNDRA,2590.0,0.0,LOT 3 DP523616 SUBJ TO ROW,923.0,M,20.32/20.12X44.78/47.47,,A,,,1990-01-03,1990-01-03,,,,,,,1990,annual
24,ARCHIVE,T623571,,,,PH MUTTAMA,COOTAMUNDRA,2590.0,0.0,POR 292 RP 69/1,259.0,H,,,,,,1990-01-03,1990-01-03,,,,,,,1990,annual
114,ARCHIVE,T0797900100000,,,61,THOMPSON ST,DUBBO,2830.0,28500.0,LOT 21 DP255674,981.0,M,16.605/19.605X47.29/50.29 SPL COR 4.245,,,,,1990-01-03,1990-01-03,,,,,,,1990,annual
4,ARCHIVE,0T21399963500,,,67,SEAVIEW CL,ELEEBANA,2282.0,70000.0,LOT 10 DP 805886,1023.0,M,20.000 FRONTAGE,,A,,,1990-01-03,1990-01-03,,,,,,,1990,annual
211,ARCHIVE,T086073,,,37,MACDONALD ST,ERSKINEVILLE,2043.0,31283.0,LOT 3 SEC D DP 241104 VOL 11911 FOL 24,88.0,M,6.10/6.10 X 26.52/26.52,,,,,1990-01-03,1990-01-03,,,,,,,1990,annual
84,ARCHIVE,T2069100000000,,4,703,PACIFIC HWY,GORDON,2072.0,210000.0,LOT 4 SP 15098,0.0,M,,,,,,1990-01-03,1990-01-03,,,,,,,1990,annual
84,ARCHIVE,T0576800000000,,,8,CARLOTTA AVE,GORDON,2072.0,65000.0,LOT 7 DP3387,5134.0,M,,,,,,1990-01-03,1990-01-03,,,,,,,1990,annual
160,ARCHIVE,T16024396,,,16,MELVILLE ST,ILUKA,2466.0,25500.0,LOT 13 DP263181,599.0,M,,,,,,1990-01-03,1990-01-03,,,,,,,1990,annual
62,ARCHIVE,T0003500000000,,,,PH BOOROOBANILLY,JERILDERIE,2716.0,25000.0,PT PORS 41 & 55 (BEING LOTS 2/3 & PT 4) DP 103212,6070.0,M,,,,,,1990-01-03,1990-01-03,,,,,,,1990,annual
144,ARCHIVE,T1424900000000,,26,131,OAK RD N,KIRRAWEE,2232.0,143000.0,LOT 26 SP 18054,0.0,M,,,,,,1990-01-03,1990-01-03,,,,,,,1990,annual
219,ARCHIVE,T0000870030000,,,133,MOUNTAIN VIEW CL,KURRAJONG HILLS,2758.0,250000.0,LOT 163 DP793455 E'MENT,4.0,H,,,,,,1990-01-03,1990-01-03,,,,,,,1990,annual
86,ARCHIVE,T660423,,12,108,ADDISON RD,MANLY,2095.0,0.0,LOT 12 SP 6073,1369.0,M,UNIT ENT : 9.98 %,,A,,,1990-01-03,1990-01-03,,,,,,,1990,annual
8,ARCHIVE,T0679600000000,,,1,CARRINGTON ST,MAYFIELD,2304.0,0.0,LOT 2 DP312765,507.0,M,10.06 X 50.29,,A,,,1990-01-03,1990-01-03,,,,,,,1990,annual
101,ARCHIVE,T10135186,,,27,BUCKLAND ST,MOLLYMOOK,2539.0,162000.0,LOT 23 DP 31267,1012.0,M,ARC22.86/15.24X53.8/52.15,,A,,,1990-01-03,1990-01-03,,,,,,,1990,annual
223,ARCHIVE,T665694,,,21,STOCKTON AV,MOOREBANK,2170.0,0.0,LOT 25 DP 228324,671.0,M,ARC31.979M/12.040MX31.877M/31.521M,,,,,1990-01-03,1990-01-03,,,,,,,1990,annual
162,ARCHIVE,T0633700000000,,,,JAMES ST,MOORLAND,2443.0,73000.0,LOT 14 DP23178,645.0,M,,,,,,1990-01-03,1990-01-03,,,,,,,1990,annual
91,ARCHIVE,T2588800000000,,5,26,MALCOLM ST,NARRABEEN,2101.0,105000.0,LOT 5 SP9498,49.0,M,15.24X60.96,,,,,1990-01-03,1990-01-03,,,,,,,1990,annual
82,ARCHIVE,T231499,,,24,CARCOOLA CRES,NORMANHURST,2076.0,229000.0,LOT 28 DP31482,739.0,M,16.760 X 46.330,,,,,1990-01-03,1990-01-03,,,,,,,1990,annual
88,ARCHIVE,T65880000000000,,3,14,MACPHERSON ST,NORTH CREMORNE,2090.0,0.0,LOT 3 SP 16087,0.0,M,UNIT ENT : 36 %,,A,,,1990-01-03,1990-01-03,,,,,,,1990,annual
209,ARCHIVE,T0349800000000,,,80,CLYDE ST,NORTH BONDI,2026.0,269000.0,LOT B DP106107,228.0,M,6.12/6.05X36.58,,,,,1990-01-03,1990-01-03,,,,,,,1990,annual
92,ARCHIVE,T35170000000000,,,26,COURALLIE RD,NORTHBRIDGE,2063.0,0.0,COR LOT 41 DP 11031,619.0,M,9.47/15.24X43.13/44.83IRR,,R,,,1990-01-03,1990-01-03,,,,,,,1990,annual
214,ARCHIVE,T672333,,,7,BANCROFT ST,OAKHURST,2761.0,0.0,LOT 2199 DP 264372,603.0,M,,,,,,1990-01-03,1990-01-03,,,,,,,1990,annual
100,ARCHIVE,T4932100000000,,4,120,INDUSTRIAL RD,OAK FLATS,2529.0,87000.0,LOT 4 SP 35943,0.0,M,,,,,,1990-01-03,1990-01-03,,,,,,,1990,annual
89,ARCHIVE,T156689,,,42,SHERWOOD ST,OLD TOONGABBIE,2146.0,150000.0,LOT 58 PT ARC DP218355,556.0,M,,,,,,1990-01-03,1990-01-03,,,,,,,1990,annual
214,ARCHIVE,T167942,,33,195,PROSPECT HWY,PROSPECT,2148.0,238000.0,LOT 33 SP 36032,222.0,M,,,,,,1990-01-03,1990-01-03,,,,,,,1990,annual
84,ARCHIVE,T2390000000000,,,140,RYDE RD,PYMBLE,2073.0,175000.0,PT LOT 7 DP12830,761.0,M,17.88X40.56/44.65,,,,,1990-01-03,1990-01-03,,,,,,,1990,annual
135,ARCHIVE,T689947,,,54,REGENT ST,REGENTS PARK,2141.0,0.0,LOT C DP324192,790.0,M,19.51X40.23,,A,,,1990-01-03,1990-01-03,,,,,,,1990,annual
142,ARCHIVE,T187787,,19,147,CLAREVILLE AVE,SANDRINGHAM,2219.0,131000.0,LOT 19 SP2160 VO 10321 FO 26,0.0,M,,,,,,1990-01-03,1990-01-03,,,,,,,1990,annual
89,ARCHIVE,T698841,,,29,CAMPBELL HILL RD,SOUTH GRANVILLE,2161.0,1.0,LOT 20 DP 14756,521.0,M,,,A,,,1990-01-03,1990-01-03,,,,,,,1990,annual
84,ARCHIVE,T1499700000000,,,66,KITCHENER ST,ST IVES,2075.0,310000.0,LOT 1 DP230304,1124.0,M,69'X175',,,,,1990-01-03,1990-01-03,,,,,,,1990,annual
157,ARCHIVE,T15761774,,,8,FOURTH AV,STUARTS POINT,2441.0,100000.0,LOT 153 DP30436 PH YARRAHAPINNI COU DUDLEY,638.0,M,17.02/17.81X36.8/36,,Z,,,1990-01-03,1990-01-03,,,,,,,1990,annual
101,ARCHIVE,T10162133,,,95,JACOBS DR,SUSSEX INLET,2540.0,73800.0,LOT 11 DP 29732,556.0,M,15.24X36.6,,A,,,1990-01-03,1990-01-03,,,,,,,1990,annual
211,ARCHIVE,789252200000,,,43,NOBBS ST,SURRY HILLS,2010.0,100000.0,LOT 9 DP 108498 VO 6619 FO 42,151.8,M,,BD,A,,,1990-01-03,1990-01-03,,,,,,,1990,annual
171,ARCHIVE,T0892810001000,,116,,OURIMBAH RD,TWEED HEADS,2485.0,109500.0,LOT 116 SP 36413,0.0,M,UNIT ENT : .27 %,,,,,1990-01-03,1990-01-03,,,,,,,1990,annual
575,ARCHIVE,T1585440000007,,,19,SYCAMORE RD,WAGGA WAGGA,2650.0,48000.0,LOT 1 DP789287,2.0,H,,,,,,1990-01-03,1990-01-03,,,,,,,1990,annual
575,ARCHIVE,T1226600027007,,,2,TRUSCOTT DR,WAGGA WAGGA,2650.0,79500.0,LOT 147 DP788602 SUBJ TO E'MENT,1014.0,M,IRR/53.03 X IRR/39.38,,,,,1990-01-03,1990-01-03,,,,,,,1990,annual
84,ARCHIVE,T0732900000000,,,121,COONANBARRA RD,WAHROONGA,2076.0,305000.0,LOT D DP414275,1013.0,M,20.35X49.68,,,,,1990-01-03,1990-01-03,,,,,,,1990,annual
224,ARCHIVE,T715396,,,27,HUME CR,WERRINGTON COUNTY,2747.0,145000.0,LOT 181 DP245373,0.0,M,X27.43/28.12,,,,,1990-01-03,1990-01-03,,,,,,,1990,annual
224,ARCHIVE,890772640000,,,27,HUME CR,WERRINGTON,2760.0,145000.0,LOT 181 DP 245373.ARC57.51/0X27.43/28.12,,,, X,A,,,1990-01-03,1990-01-03,,,,,,,1990,annual
84,ARCHIVE,T1155500000000,,,29,GRAYLING RD,WEST PYMBLE,2073.0,285000.0,LOT 160 DP15639,971.0,M,17.98/20.5X50.5/IRR,,,,,1990-01-03,1990-01-03,,,,,,,1990,annual
82,ARCHIVE,T233710,,1,21,QUARTER SESSIONS RD,WESTLEIGH,2120.0,212000.0,LOT 1 SP 37508,0.0,M,,,,,,1990-01-03,1990-01-03,,,,,,,1990,annual
4,ARCHIVE,0T26929110000,,,39,ASQUITH AV,WINDERMERE PARK,2264.0,39000.0,LOT 9 DP 13447,0.0,M,,,A,,,1990-01-03,1990-01-03,,,,,,,1990,annual
162,ARCHIVE,T1320600000000,,,14,KILLAWARRA ST,WINGHAM,2429.0,1.0,LOT B SEC 47 DP366109,1012.0,M,,,,,,1990-01-03,1990-01-03,,,,,,,1990,annual
223,VALNET1,1335210000000,2510774.0,,,NORTH LIVERPOOL RD,GREEN VALLEY,2168.0,400000.0,LOT 1 DP 793400.,7581.0,M,,AS,A,,,1990-01-04,1990-01-04,,,,,,,1990,annual
217,VALNET1,0309806900000,2291004.0,,100,QUEEN ST,NARELLAN,2567.0,57950.0,LOT 137 DP 788659 SUBJECT TO DRAINAGE EASEMENT.,595.9,M,,AH,A,,,1990-01-04,1990-01-04,,,,,,,1990,annual
1,ARCHIVE,T0022170000000,,,54,LISMORE ST,ABERMAIN,2326.0,0.0,LOT B DP396192 (BEING SEC 23 PT LOT 4),493.0,M,12.8X38.76/38.71,,,,,1990-01-04,1990-01-04,,,,,,,1990,annual
50,ARCHIVE,T0111800000000,,,465,CAROLINE AV,ALBURY,2640.0,0.0,DP26243 LOT 20,961.0,M,ARC15.24/35.31X41,,A,,,1990-01-04,1990-01-04,,,,,,,1990,annual
50,ARCHIVE,T0608730003000,,,1018,PEMBERTON ST,ALBURY,2640.0,125000.0,DP255876 LOT 8,800.0,M,20 X 40,,,,,1990-01-04,1990-01-04,,,,,,,1990,annual
134,ARCHIVE,T0772900000000,,,94,QUEEN ST,ASHFIELD,2131.0,275000.0,,503.0,M,12.5X40.23,,,,,1990-01-04,1990-01-04,,,,,,,1990,annual
192,ARCHIVE,T0487290000000,,,13,NORTH ST,ASHLEY,2400.0,6000.0,LOT 1 DP509673,4844.0,M,,,,,,1990-01-04,1990-01-04,,,,,,,1990,annual
171,ARCHIVE,T1253620000000,,1,24,SOMERSET AV,BANORA POINT,2486.0,0.0,LOT 1 SP 33807,0.0,M,UNIT ENT : 50 %,,,,,1990-01-04,1990-01-04,,,,,,,1990,annual
81,ARCHIVE,T016981,,,3A,MUNRO ST,BAULKHAM HILLS,2153.0,106000.0,LOT 141 DP789552,696.0,M,,,,,,1990-01-04,1990-01-04,,,,,,,1990,annual
82,ARCHIVE,T2627220000000,,,44A,SUTHERLAND RD,BEECROFT,2119.0,47500.0,LOT 46 DP 800327,1173.0,M,33.560 X 35.000,,,,,1990-01-04,1990-01-04,,,,,,,1990,annual
82,ARCHIVE,T2627210000000,,,44B,SUTHERLAND RD,BEECROFT,2119.0,57500.0,LOT 45 DP 800327,1173.0,M,33.560 X 35.000,,,,,1990-01-04,1990-01-04,,,,,,,1990,annual
141,ARCHIVE,T020813,,,70,FERRY AVE,BEVERLEY PARK,2217.0,242000.0,COR LOT 254 DP 21135,231.0,M,12.19/22.86XIRR/26.37,,,,,1990-01-04,1990-01-04,,,,,,,1990,annual
219,ARCHIVE,T0000105790000,,,34,ALEXANDER ST,BLIGH PARK,2756.0,0.0,LOT 558 DP749929,715.0,M,21/19.8X35.18/35.02,,,,,1990-01-04,1990-01-04,,,,,,,1990,annual
209,ARCHIVE,T1349800000000,,9,137,WELLINGTON ST,BONDI BEACH,2026.0,0.0,LOT 9 SP 5835,0.0,M,UNIT ENT : 13.9 %,,,,,1990-01-04,1990-01-04,,,,,,,1990,annual
239,ARCHIVE,174602000000,,,,,BOURKE,2840.0,33441.0,WLL 13651 (5158/720987) WLL 14090 (6677/820483)WLL 14119 (6682/820484) WLL 2561 (574/761569)WLL 3035 (579/761570) WLL 5769 (3517/765810)WLL 12090 (6391/769269) WLL 13878 (5184/720986)EX MLS 4/6 (BEING SLS 151 & 373) MPL 141 SUJECT TO CAT 53,19640.7,H,,,R,,,1990-01-04,1990-01-04,,,,,,,1990,annual
101,ARCHIVE,T10111462,,,17,CRONIN PL,CALLALA BAY,2540.0,58950.0,LOT 21 DP 734365,850.0,M,,,A,,,1990-01-04,1990-01-04,,,,,,,1990,annual
82,ARCHIVE,T225200,,,8,WESTMINSTER DR,CASTLE HILL,2154.0,140000.0,LOT 29 DP771565,1002.0,M,27.970 X 38.730,,,,,1990-01-04,1990-01-04,,,,,,,1990,annual
82,ARCHIVE,T225552,,8,23,CASUARINA DR,CHERRYBROOK,2126.0,300000.0,LOT 8 SP 36129,0.0,M,,,,,,1990-01-04,1990-01-04,,,,,,,1990,annual
171,ARCHIVE,T0263410000000,,,4,COLLIER ST,CUDGEN,2487.0,85000.0,LOT 1 DP 619470,722.0,M,18.29 X 39.48,,,,,1990-01-04,1990-01-04,,,,,,,1990,annual
91,ARCHIVE,T3082400000000,,11,14,PACIFIC PDE,DEE WHY,2099.0,140000.0,LOT 11 SP1474,91.0,M,15.24X50.29,,,,,1990-01-04,1990-01-04,,,,,,,1990,annual
91,ARCHIVE,T3640400000000,,6,20,REGENT ST,DEE WHY,2099.0,1.0,LOT 6 SP1870,85.0,M,15.85/16.03X50.27/47.88,,,,,1990-01-04,1990-01-04,,,,,,,1990,annual
18,ARCHIVE,T01818232,,,,BUNGO ST,EDEN,2551.0,115000.0,COR LOT 8 SEC 28,1985.0,M,,,,,,1990-01-04,1990-01-04,,,,,,,1990,annual
3,ARCHIVE,T264981030000000,,3,340,OCEAN VIEW RD,ETTALONG BEACH,2257.0,163000.0,LOT 3 SP 37294,0.0,M,,,A,,,1990-01-04,1990-01-04,,,,,,,1990,annual
103,ARCHIVE,T3218000000000,,,18,OUTLOOK DR,FIGTREE,2525.0,0.0,LOT 8 DP24401,1106.0,M,15.11/31.67X55.07X45.72,,A,,,1990-01-04,1990-01-04,,,,,,,1990,annual
91,ARCHIVE,T2399950500000,,,11,LARA PL,FRENCHS FOREST,2086.0,295000.0,LOT 46 DP251996,712.0,M,20/17.5X39.44/38.85,,,,,1990-01-04,1990-01-04,,,,,,,1990,annual
21,VALNET1,0124600600000,,,,PH NARRALLEN,FROGMORE,2586.0,83836.0,"LOT 16 DP 727483, PSH NARRALLEN PORTION 94 DP 754601, LOT 2 DP 801548. 1246/007",114.4,H,,RR,R,,,1990-01-04,1990-01-04,,,,,,,1990,annual
14,ARCHIVE,T2311300000000,,,21,MINNAMURRA RD,GOROKAN,2263.0,135000.0,LOT 67 DP 31290,467.0,M,15.24X31.09 15.240 X 31.000,,,,,1990-01-04,1990-01-04,,,,,,,1990,annual
103,ARCHIVE,T2273700000000,,,20,KIERNAN ST,GWYNNEVILLE,2500.0,0.0,LOT 29 DP16061,569.0,M,15.24X38.1,,A,,,1990-01-04,1990-01-04,,,,,,,1990,annual
223,ARCHIVE,T640530,,5,109,STEWART AV,HAMMONDVILLE,2170.0,0.0,LOT 5 SP 22785,0.0,M,UNIT ENT :          2 %,,,,,1990-01-04,1990-01-04,,,,,,,1990,annual
83,ARCHIVE,T083603,,,62,GLADESVILLE RD,HUNTERS HILL,2110.0,0.0,LOT 1 DP127725,513.0,M,14.07X36.2,,B,,,1990-01-04,1990-01-04,,,,,,,1990,annual
157,ARCHIVE,T15726105,,,25,CRAIG ST,KEMPSEY,2440.0,26000.0,LOT 6 DP262308 PH KEMPSEY COU MACQUARIE SUBJ TO EASEMENT,2087.0,M,,,A,,,1990-01-04,1990-01-04,,,,,,,1990,annual
214,ARCHIVE,T107324,,,11,GILBERT CR,KINGS LANGLEY,2147.0,183000.0,LOT 11 DP 261346,737.0,M,,,,,,1990-01-04,1990-01-04,,,,,,,1990,annual
157,ARCHIVE,T650605,,,,FARRAWELLS RD,KUNDABUNG,2441.0,0.0,LOT 331 DP708341 PH LINCOLN COU MACQUARIE PT PORS 33 47 52,92.0,H,,,R,,,1990-01-04,1990-01-04,,,,,,,1990,annual
222,ARCHIVE,T22230457,,,18,MUSKET PDE,LITHGOW,2790.0,56000.0,LOT 58 DP 26281,0.0,M,16.15,,,,,1990-01-04,1990-01-04,,,,,,,1990,annual
224,ARCHIVE,T658195,,,255,SEVENTH AV,LLANDILO,2747.0,0.0,LOT 61 DP578984   LOT 1 DP579313,0.0,M,,,,,,1990-01-04,1990-01-04,,,,,,,1990,annual
86,ARCHIVE,T660547,,4,25,BIRKLEY RD,MANLY,2095.0,0.0,LOT 4 SP 10928,661.0,M,UNIT ENT : 16.67 %,,A,,,1990-01-04,1990-01-04,,,,,,,1990,annual
235,ARCHIVE,T23532951,,,,FARNELL ST,MENINDEE,2879.0,11000.0,POR 12 WLL 9371 TOWN OF MENINDEE,2023.0,M,40.230X50.290,,A,,,1990-01-04,1990-01-04,,,,,,,1990,annual
112,ARCHIVE,T0201500000009,,,1,BIAMBLE ST,MERRYGOEN,2831.0,50000.0,LOT 2 3 DP309486,720.0,M,,,A,,,1990-01-04,1990-01-04,,,,,,,1990,annual
192,ARCHIVE,T0178512000000,,,3,LORNA RAE AV,MOREE,2400.0,80000.0,LOT 33 DP226321,727.0,M,18.66 X 41.15/38.02,,A,,,1990-01-04,1990-01-04,,,,,,,1990,annual
192,ARCHIVE,T0118500000000,,,50,EDWARD ST,MOREE,2400.0,90000.0,LOT 6 DP18735,826.0,M,16.46 X 50.29,,A,,,1990-01-04,1990-01-04,,,,,,,1990,annual
100,ARCHIVE,T4131400000000,,,3,GATHERCOLE AV,MT WARRIGAL,2528.0,150000.0,LOT 244 DP222964,587.0,M,15.24 X 38.71,,,,,1990-01-04,1990-01-04,,,,,,,1990,annual
224,ARCHIVE,T668667,,,28,MCHENRY RD,MT PLEASANT,5235.0,103500.0,LOT 736 DP262834,581.0,M,15.75/16.07X38.26/36.8,,,,,1990-01-04,1990-01-04,,,,,,,1990,annual
101,ARCHIVE,T10137494,,,37,CATHERINE ST,MYOLA,2540.0,55000.0,LOT 14 DP 19900,1265.0,M,,,A,,,1990-01-04,1990-01-04,,,,,,,1990,annual
251,ARCHIVE,T25137848,,,16,MERINGO ST,NARROMINE,2821.0,65000.0,LOT 121 DP546787,714.0,M,21.34 X 33.58,,003,,,1990-01-04,1990-01-04,,,,,,,1990,annual
10,ARCHIVE,T01039268,,,107,SHOAL BAY RD,NELSON BAY,2315.0,133000.0,LOT 70 DP19170,645.0,M,15.24X42.67,,,,,1990-01-04,1990-01-04,,,,,,,1990,annual
251,ARCHIVE,289270000000,,,,SHORT ST,NARROMINE,2821.0,6500.0,LOT 81 DP 790344.,701.6,M,,,Z,,,1990-01-04,1990-01-04,,,,,,,1990,annual
84,ARCHIVE,T1004608000000,,,16,FADDEN PL,NORTH WAHROONGA,2076.0,340000.0,LOT 9 SEC 102 DP245383,1407.0,M,5.83 FTGE,,,,,1990-01-04,1990-01-04,,,,,,,1990,annual
124,ARCHIVE,T12442967,,,,FALVEY RD,ORANGE,2800.0,83000.0,POR 118 RP 13/9,16.0,H,,,,,,1990-01-04,1990-01-04,,,,,,,1990,annual
116,ARCHIVE,T11647376,,,3,BASIL AV,PARKES,2600.0,10500.0,LOT 9 DP263553,572.0,M,,,Z,,,1990-01-04,1990-01-04,,,,,,,1990,annual
116,ARCHIVE,T675247,,,20,CECILE ST,PARKES,2600.0,0.0,LOT 10 DP236388,815.0,M,15.62,,Z,,,1990-01-04,1990-01-04,,,,,,,1990,annual
116,ARCHIVE,T675667,,,86,MITCHELL ST,PARKES,2600.0,0.0,PART POR 265,0.0,M,34.59,,Z,,,1990-01-04,1990-01-04,,,,,,,1990,annual
89,ARCHIVE,T677449,,,16,SCOTT ST,PENDLE HILL,2146.0,1.0,LOT 18 DP 26562,622.0,M,,,A,,,1990-01-04,1990-01-04,,,,,,,1990,annual
54,ARCHIVE,T05450195,,,,PH METHUL,PH METHUL,0.0,272000.0,POR 9 RP 43/2,259.0,H,,,R,,,1990-01-04,1990-01-04,,,,,,,1990,annual
54,ARCHIVE,T05450540,,,,PH WARRI,PH WARRI,0.0,26000.0,PORS 244/246 SH 24/  SH 24/4 & SH 24/5,2.0,H,,,R,,,1990-01-04,1990-01-04,,,,,,,1990,annual
214,ARCHIVE,T167941,,32,195,PROSPECT HWY,PROSPECT,2148.0,230000.0,LOT 32 SP 36032,222.0,M,,,,,,1990-01-04,1990-01-04,,,,,,,1990,annual
142,ARCHIVE,T181137,,4,53,BAY ST,ROCKDALE,2216.0,134000.0,LOT 4 SP14939 VO 14071 FO 5,0.0,M,,,,,,1990-01-04,1990-01-04,,,,,,,1990,annual
171,ARCHIVE,T0414800000000,,,15,ENID ST,TWEED HEADS,2485.0,475000.0,LOTS 9/10 DP 224382,0.0,M,,,,,,1990-01-04,1990-01-04,,,,,,,1990,annual
171,ARCHIVE,T0489111000000,,,,GLENOCK RD,UKI,2484.0,60000.0,LOT 12 DP 804812,2.0,H,,,,,,1990-01-04,1990-01-04,,,,,,,1990,annual
575,ARCHIVE,T0334801134001,,10,25,DARRI ST,WAGGA WAGGA,2650.0,77500.0,LOT 14 SP 35859,0.0,M,,,,,,1990-01-04,1990-01-04,,,,,,,1990,annual
575,ARCHIVE,T0602500000008,,,7,HIGGINS AV,WAGGA WAGGA,2650.0,75000.0,LOT 25 DP225843,708.0,M,17.37/15.24X41.94/46.71,,,,,1990-01-04,1990-01-04,,,,,,,1990,annual
84,ARCHIVE,T2726500000000,,,18,WALPOLE PL,WAHROONGA,2076.0,630000.0,LOT 9 DP30895 SUBJ TO 6' DE,1308.0,M,ARC 40'/170'X134'2/136'6,,,,,1990-01-04,1990-01-04,,,,,,,1990,annual
93,ARCHIVE,T1768800000000,,,270,WHALE BEACH RD,WHALE BEACH,2107.0,400000.0,LOT 223 DP 15376,733.0,M,15.67/16.59X49.99/47.09,,,,,1990-01-04,1990-01-04,,,,,,,1990,annual
92,ARCHIVE,T218061,,,4,STAN ST,WILLOUGHBY,2068.0,295000.0,LOT 42 DP 11073,557.0,M,14.22X39.17,,A,,,1990-01-04,1990-01-04,,,,,,,1990,annual
89,ARCHIVE,T219572,,,4,RUTH ST,WINSTON HILLS,2153.0,138000.0,LOT 38 DP 234683,563.0,M,,,,,,1990-01-04,1990-01-04,,,,,,,1990,annual
103,ARCHIVE,T0783600000000,,5,27,CHURCH ST,WOLLONGONG,2500.0,0.0,LOT 5 SP 8496,0.0,M,,,A,,,1990-01-04,1990-01-04,,,,,,,1990,annual
82,VALNET1,0066600000000,625373.0,,29,AMOR ST,ASQUITH,2077.0,189500.0,LOT 28 DP 23694. 16.74/18.29X39.07/46.96IRR,684.3,M,,EE,A,,,1990-01-05,1990-01-05,,,,,,,1990,annual
82,VALNET1,1201400000000,646116.0,,15,HANNAH ST,BEECROFT,2119.0,292000.0,LOT 6 SEC 4 DP 4809.,1227.0,M,,EN,A,,,1990-01-05,1990-01-05,,,,,,,1990,annual
211,VALNET1,0282242300000,2115190.0,,80,CHURCH ST,CAMPERDOWN,2050.0,126000.0,LOT 1 DP 194380 SUBJECT TO ROW.,194.6,M,,PW,I,,,1990-01-05,1990-01-05,,,,,,,1990,annual
14,VALNET1,3466746000000,383534.0,,7,TREELANDS DR,JILLIBY,2259.0,235000.0,LOT 15 DP 261577. IRR69.7/68.38X75/70.44 SUSBJ TO R O W,5021.0,M,,RV,R,,,1990-01-05,1990-01-05,,,,,,,1990,annual
157,VALNET1,0393531500000,1731515.0,,,OXLEY PL,SOUTH WEST ROCKS,2431.0,39000.0,LOT 99 DP 805382.,649.1,M,,AL,A,,,1990-01-05,1990-01-05,,,,,,,1990,annual
14,ARCHIVE,0913000000000,345292.0,,23,ANEMBO AVE,SUMMERLAND POINT,2259.0,25000.0,LOT 164 DP 31339.,537.5,M,,DK,A,,,1990-01-05,1990-01-05,,,,,,,1990,annual
50,ARCHIVE,T0145400000000,,,452,CRISP ST,ALBURY,2640.0,0.0,DP307523 LOT A,609.0,M,15.14X40.23,,A,,,1990-01-05,1990-01-05,,,,,,,1990,annual
50,ARCHIVE,T0334890000000,,,735,HODGE ST,ALBURY,2640.0,0.0,DP244470 LOT 1,992.0,M,,,,,,1990-01-05,1990-01-05,,,,,,,1990,annual
92,ARCHIVE,T003841,,,10,BADEN POWELL ST,ARTARMON,2064.0,1500000.0,LOT 21 SEC A DP 4101,697.0,M,15.24X45.72,,A,,,1990-01-05,1990-01-05,,,,,,,1990,annual
92,ARCHIVE,T004092,,,17,CAMERON AVE,ARTARMON,2064.0,405000.0,LOT 5 DP 4637,613.0,M,15.24X40.23,,A,,,1990-01-05,1990-01-05,,,,,,,1990,annual
135,ARCHIVE,T602836,,15,15,HARROW RD,AUBURN,2144.0,0.0,LOT15 SP 1317,0.0,M,,,A,,,1990-01-05,1990-01-05,,,,,,,1990,annual
81,ARCHIVE,T016275,,,6,JOHN ST,BAULKHAM HILLS,2153.0,230000.0,LOT 104 DP29160,784.0,M,,,,,,1990-01-05,1990-01-05,,,,,,,1990,annual
81,ARCHIVE,T018304,,,12,WIRRALIE AVE,BAULKHAM HILLS,2153.0,235000.0,LOT 532 DP239885,720.0,M,,,,,,1990-01-05,1990-01-05,,,,,,,1990,annual
142,ARCHIVE,T0032000000000,,,50,ALBERT ST,BEXLEY,2207.0,0.0,LOT B DP 342211,575.0,M,10.67 X 54.56/54.66,,,,,1990-01-05,1990-01-05,,,,,,,1990,annual
214,ARCHIVE,T609724,,,13,WIDE BAY CCT,BIDWILL,2770.0,0.0,LOT 6601 DP 716052,744.0,M,,,,,,1990-01-05,1990-01-05,,,,,,,1990,annual
209,ARCHIVE,T0946110000000,,7,41,O'BRIEN ST,BONDI BEACH,2026.0,156000.0,LOT 7 SP 12569,0.0,M,UNIT ENT : 12.3 %,,,,,1990-01-05,1990-01-05,,,,,,,1990,annual
81,ARCHIVE,T043042,,,21,FERNDALE AVE,CARLINGFORD,2118.0,360000.0,LOT 16 DP245750,701.0,M,,,,,,1990-01-05,1990-01-05,,,,,,,1990,annual
82,ARCHIVE,757600067000,,,125,DAVID RD,CASTLE HILL,2154.0,283000.0,LOT 9822 DP 785153 SUBJECT TO DRAINAGE EASEMENT.,741.0,M,,ER,A,,,1990-01-05,1990-01-05,,,,,,,1990,annual
81,ARCHIVE,T0528624000000,,,44,FIRST FARM DR,CASTLE HILL,2154.0,0.0,LOT 86 DP261103,944.0,M,,,,,,1990-01-05,1990-01-05,,,,,,,1990,annual
92,ARCHIVE,T052036,,,350,VICTORIA AVE,CHATSWOOD,2067.0,2730000.0,LOT E DP 110180,180.0,M,5.18X34.82,,B,,,1990-01-05,1990-01-05,,,,,,,1990,annual
86,ARCHIVE,T054048,,,3,HOLMES AVE,CLONTARF,2093.0,610000.0,LOT B DP 361145 VOL 5937,539.0,M,13.41X40.23,,,,,1990-01-05,1990-01-05,,,,,,,1990,annual
139,ARCHIVE,450200000000,,,11,KITCHENER AV,CONCORD,2137.0,205000.0,LOT 6 DP 10670.,,,,,A,,,1990-01-05,1990-01-05,,,,,,,1990,annual
24,ARCHIVE,T02414109,,,190,THOMPSON ST,COOTAMUNDRA,2590.0,56000.0,LOT 5 DP35306,0.0,M,15.540 50.290,,A,,,1990-01-05,1990-01-05,,,,,,,1990,annual
144,ARCHIVE,T1697600000000,,11,20,GOSPORT ST,CRONULLA,2230.0,127500.0,LOT 11 SP 4615,0.0,M,,,,,,1990-01-05,1990-01-05,,,,,,,1990,annual
144,ARCHIVE,T3038700000000,,29,24,PARRAMATTA ST,CRONULLA,2230.0,300000.0,LOT 29 SP 6458,0.0,M,,,,,,1990-01-05,1990-01-05,,,,,,,1990,annual
55,ARCHIVE,T625581,,,,DAYSDALE ST,DAYSDALE,2646.0,0.0,PORS 245/6,5.0,H,,,,,,1990-01-05,1990-01-05,,,,,,,1990,annual
204,ARCHIVE,T074275,,,8,BRADLEY ST,DRUMMOYNE,2047.0,195000.0,LOT 14 DP9887,725.0,M,15.29/15.49X47.24/46.99,,,,,1990-01-05,1990-01-05,,,,,,,1990,annual
218,ARCHIVE,T0460412100000,,33,196,HARROW RD,GLENFIELD,2167.0,116000.0,LOT 33 SP 35610,191.0,M,,,,,,1990-01-05,1990-01-05,,,,,,,1990,annual
82,ARCHIVE,T230701,,,186,SOMERVILLE RD,HORNSBY HEIGHTS,2077.0,235000.0,LOT 5 DP239232,929.0,M,18.290 X 55.470,,,,,1990-01-05,1990-01-05,,,,,,,1990,annual
83,ARCHIVE,T08323803,,,29,MILLING ST,HUNTERS HILL,2110.0,237000.0,LOT 5 DP7722,807.0,M,15.85X50.93/50.95,,A,,,1990-01-05,1990-01-05,,,,,,,1990,annual
62,ARCHIVE,T0043330000000,,,,COREEN ST,JERILDERIE,2716.0,0.0,SEC 32 LOTS 2/4 & PT 1,8.0,H,,,,,,1990-01-05,1990-01-05,,,,,,,1990,annual
62,ARCHIVE,T0053900000000,,,23,KENNEDY ST,JERILDERIE,2716.0,0.0,PT LOT 6 SEC 10,1012.0,M,25.15 X 40.23,,,,,1990-01-05,1990-01-05,,,,,,,1990,annual
62,ARCHIVE,T0059410000000,,,24,MAHONGA ST,JERILDERIE,2716.0,0.0,LOT 11 DP 594088,1012.0,M,,,,,,1990-01-05,1990-01-05,,,,,,,1990,annual
62,ARCHIVE,T0026400000000,,,7,MCDOUGALL ST,JERILDERIE,2716.0,0.0,LOT 10 DP 2641,2732.0,M,100.58/CRKX 66.37/0,,,,,1990-01-05,1990-01-05,,,,,,,1990,annual
81,ARCHIVE,T105261,,,19,FUGGLES RD,KENTHURST,2156.0,505000.0,LOT 11 DP253860,2.0,H,,,,,,1990-01-05,1990-01-05,,,,,,,1990,annual
4,ARCHIVE,0T35649000000,,,133,KILABEN RD,KILABEN BAY,2283.0,87500.0,LOT 7 DP 22044,1499.0,M,,,A,,,1990-01-05,1990-01-05,,,,,,,1990,annual
224,ARCHIVE,678310000000,,,133,FROGMORE RD,KINGSWOOD,2750.0,515000.0,PART LOT 11 DP 831409.,2.223,H,,RA,R,,,1990-01-05,1990-01-05,,,,,,,1990,annual
135,ARCHIVE,T655828,,,53,YARRAM ST,LIDCOMBE,2141.0,0.0,LOT 94 DP16795,587.0,M,12.8X45.72,,A,,,1990-01-05,1990-01-05,,,,,,,1990,annual
222,ARCHIVE,T656446,,,154,HASSANS WALLS RD,LITHGOW,2790.0,0.0,LOT 11 DP 5255,0.0,M,12.27,,,,,1990-01-05,1990-01-05,,,,,,,1990,annual
90,ARCHIVE,T0091092161036,,36,31,FONTENOY RD,MACQUARIE PARK,2113.0,0.0,LOT 36 SP 17984,0.0,M,,,,,,1990-01-05,1990-01-05,,,,,,,1990,annual
4,ARCHIVE,0T10218111900,,,2,MALWOOD AV,MACQUARIE HILLS,2285.0,120000.0,LOT 314 DP 244081,632.0,M,,,A,,,1990-01-05,1990-01-05,,,,,,,1990,annual
14,ARCHIVE,T2336900000000,,,10,MONTROSE ST,MANNERING PARK,2259.0,0.0,LOT 37 DP 540577 & P O 77/51,0.0,M,16.76,,,,,1990-01-05,1990-01-05,,,,,,,1990,annual
89,ARCHIVE,T134976,,,30,BAKER ST,MERRYLANDS,2160.0,67000.0,COR LOT 33 SEC 2 DP 1260,465.0,M,,,,,,1990-01-05,1990-01-05,,,,,,,1990,annual
144,ARCHIVE,T2509200000000,,,48,MATSON CRES,MIRANDA,2228.0,485000.0,LOT 89 DP10693,331.0,M,12.19/HWMX54.86/53.64,,,,,1990-01-05,1990-01-05,,,,,,,1990,annual
214,ARCHIVE,T140955,,,17,GEORGE ST,MOUNT DRUITT,2770.0,67000.0,LOT 13 SECTION H DP 2042,1012.0,M,,,,,,1990-01-05,1990-01-05,,,,,,,1990,annual
120,ARCHIVE,T0188110000000,,,44,ROBERTSON ST,MUDGEE,2850.0,107500.0,LOT 3 DP24511,0.0,M,15.09 X 41.78/42.11,,,,,1990-01-05,1990-01-05,,,,,,,1990,annual
7,ARCHIVE,T0323100000000,,,37,HUMPHRIES ST,MUSWELLBROOK,2333.0,79000.0,LOT 151 DP242024,689.0,M,18.9X36.58,,,,,1990-01-05,1990-01-05,,,,,,,1990,annual
10,ARCHIVE,T01039215,,,8,PARKES ST,NELSON BAY,2315.0,152000.0,LOT 155 DP11268,0.0,M,16.76X45.72,,,,,1990-01-05,1990-01-05,,,,,,,1990,annual
206,ARCHIVE,T0670500000000,,,200,EDGEWARE RD,NEWTOWN,2042.0,0.0,LOT 1 DP 547320,138.0,M,4.67/4.93 X 29.51,,280,,,1990-01-05,1990-01-05,,,,,,,1990,annual
211,ARCHIVE,T0881400000000,,,39,QUEEN ST,NEWTOWN,2042.0,0.0,LOT 12 DP 4638,228.0,M,4.78/4.78 X 71.00/71.00,,,,,1990-01-05,1990-01-05,,,,,,,1990,annual
14,ARCHIVE,T1772200000000,,,19,KERRY LOUISE AV,NORAVILLE,2263.0,0.0,LOT 3 SEC F DP 25957,486.0,M,16.76X30.4B 16.760 X 30.000,,,,,1990-01-05,1990-01-05,,,,,,,1990,annual
81,ARCHIVE,T151109,,,340A,NORTH ROCKS RD,NORTH ROCKS,2151.0,40500000.0,LOT 1 DP622156,4.0,H,,,,,,1990-01-05,1990-01-05,,,,,,,1990,annual
103,ARCHIVE,T1902650000000,,20,2,HINDMARSH AVE,NORTH WOLLONGONG,2500.0,105000.0,LOT 20 SP 35790,0.0,M,,,,,,1990-01-05,1990-01-05,,,,,,,1990,annual
124,ARCHIVE,T12441965,,,4,BILL MARSHALL DR,ORANGE,2800.0,33000.0,LOT 76 DP 791356,913.0,M,22X41.5,,,,,1990-01-05,1990-01-05,,,,,,,1990,annual
124,ARCHIVE,T12445883,,,11,SETTLERS CL,ORANGE,2800.0,131000.0,LOT 115 DP 263614,754.0,M,IRR 21.5/21.5X35/36.6,,,,,1990-01-05,1990-01-05,,,,,,,1990,annual
224,ARCHIVE,T674234,,,,FROGMORE RD,ORCHARD HILLS,2748.0,515000.0,LOT 2 DP533975,2.0,H,,,,,,1990-01-05,1990-01-05,,,,,,,1990,annual
93,ARCHIVE,T0116200000000,,,1074,BARRENJOEY RD,PALM BEACH,2108.0,260000.0,LOT 54 DP 6746,0.0,M,20.12X60.96,,,,,1990-01-05,1990-01-05,,,,,,,1990,annual
116,ARCHIVE,T11647335,,,42,BACK TRUNDLE RD,PARKES,2600.0,49000.0,LOT 3 DP569732,767.0,M,,,Z,,,1990-01-05,1990-01-05,,,,,,,1990,annual
89,ARCHIVE,T160385,,3,17,ELIZABETH ST,PARRAMATTA,2150.0,127000.0,LOT 3 SP 17060,0.0,M,,,,,,1990-01-05,1990-01-05,,,,,,,1990,annual
141,ARCHIVE,T163471,,,70,MCRAE AVE,PENSHURST,2222.0,295000.0,LOT 129 DP 12296,572.0,M,13.41X42.67,,,,,1990-01-05,1990-01-05,,,,,,,1990,annual
120,ARCHIVE,T0266635000000,,,,PH COPE,PH PORS,0.0,14000.0,LOT 34 DP249220,15.0,H,,,,,,1990-01-05,1990-01-05,,,,,,,1990,annual
144,ARCHIVE,T3169600000000,,,689,PORT HACKING RD S,PORT HACKING,2229.0,325000.0,LOT B,1007.0,M,33.58/11.43X45.19/44.3,,,,,1990-01-05,1990-01-05,,,,,,,1990,annual
214,ARCHIVE,T167940,,29,195,PROSPECT HWY,PROSPECT,2148.0,227000.0,LOT 29 SP 36032,222.0,M,,,,,,1990-01-05,1990-01-05,,,,,,,1990,annual
214,ARCHIVE,T167939,,28,195,PROSPECT HWY,PROSPECT,2148.0,235000.0,LOT 28 SP 36032,222.0,M,,,,,,1990-01-05,1990-01-05,,,,,,,1990,annual
214,ARCHIVE,T167333,,,87,ALDGATE ST,PROSPECT,2148.0,125000.0,LOT 2 DP 245832,563.0,M,,,,,,1990-01-05,1990-01-05,,,,,,,1990,annual
84,ARCHIVE,T0341800000000,,,23,BOBBIN HEAD RD,PYMBLE,2073.0,341000.0,LOT 4 DP221542,980.0,M,19.33/19.28X50.75/50.95,,,,,1990-01-05,1990-01-05,,,,,,,1990,annual
84,ARCHIVE,T0405101000000,,,4,BRADFORD ST,PYMBLE,2073.0,255000.0,COR LOT PT 9/10 DP12231,696.0,M,22.86X30.48,,,,,1990-01-05,1990-01-05,,,,,,,1990,annual
214,ARCHIVE,T687814,,,,MORRELL CR,QUAKERS HILL,2763.0,0.0,LOT 268 DP 800004 PUBLIC RESERVE,1326.0,M,,,,,,1990-01-05,1990-01-05,,,,,,,1990,annual
162,ARCHIVE,T0079311000000,,,53,COROMONT DR,REDHEAD,2290.0,50000.0,LOT 70 DP262683,557.0,M,,,,,,1990-01-05,1990-01-05,,,,,,,1990,annual
84,ARCHIVE,T0121800000000,,,27,ATHENA AVE,ST IVES,2075.0,470000.0,LOT 32 DP232272,1093.0,M,21.34X51.21,,,,,1990-01-05,1990-01-05,,,,,,,1990,annual
206,ARCHIVE,T0656600000000,,,13,DURHAM LN,STANMORE,2048.0,150500.0,SEC O LOT27 DP1933,171.0,M,5.49 X 30.48,,101,,,1990-01-05,1990-01-05,,,,,,,1990,annual
143,ARCHIVE,T193326,,,1,BARTON ST,STRATHFIELD SOUTH,2136.0,700000.0,SEC 1 LOT 26 & REAR PTS 23/25 DP440,0.0,M,,,,,,1990-01-05,1990-01-05,,,,,,,1990,annual
698,ARCHIVE,T1826400000002,,,59,PHILIP ST,TAMWORTH,2340.0,0.0,LOT 51 DP 35758,639.0,M,17.37 X 36.96,,,,,1990-01-05,1990-01-05,,,,,,,1990,annual
698,ARCHIVE,T1767400000002,,,39,PEEL ST,TAMWORTH,2340.0,69950.0,LOT 2 DP 27025,601.0,M,21.34/23.83X33.5/22.83,,,,,1990-01-05,1990-01-05,,,,,,,1990,annual
162,ARCHIVE,T0976600000000,,,3,PATRICIA AV,TAREE,2430.0,87000.0,LOT 141 DP240272,676.0,M,,,,,,1990-01-05,1990-01-05,,,,,,,1990,annual
91,ARCHIVE,T1631930000000,,,4,GARRETT AV,TERREY HILLS,2084.0,260000.0,LOT 2 DP238124,0.0,M,25.93X27.43,,,,,1990-01-05,1990-01-05,,,,,,,1990,annual
103,ARCHIVE,T3895800000000,,,23,SEAVIEW TCE,THIRROUL,2515.0,155000.0,LOT B DP161465,0.0,M,16/15.85X50.29,,,,,1990-01-05,1990-01-05,,,,,,,1990,annual
89,ARCHIVE,T206380,,,41,BUDGEREE RD,TOONGABBIE,2146.0,135000.0,LOT 33A & 33C,1048.0,M,,,,,,1990-01-05,1990-01-05,,,,,,,1990,annual
171,ARCHIVE,T1188600000000,,1,76,RIVIERA AV,TWEED HEADS,2485.0,0.0,LOT 1 SP 13010,0.0,M,UNIT ENT : 50 %,,,,,1990-01-05,1990-01-05,,,,,,,1990,annual
575,ARCHIVE,T0029511200007,,,25,AMAROO ST,WAGGA WAGGA,2650.0,32500.0,LOT 142 DP701742 SUBJ TO E'MENT,929.0,M,21.18 X 42.27,,,,,1990-01-05,1990-01-05,,,,,,,1990,annual
575,ARCHIVE,T0694200000008,,,196,KINCAID ST,WAGGA WAGGA,2650.0,73000.0,LOT 3 DP12483,1341.0,M,14.78X90.53,,,,,1990-01-05,1990-01-05,,,,,,,1990,annual
575,ARCHIVE,T1220150009002,,6,9,TRAVERS ST,WAGGA WAGGA,2650.0,75000.0,LOT 9 SP 35846,0.0,M,,,,,,1990-01-05,1990-01-05,,,,,,,1990,annual
211,ARCHIVE,T210423,,,135,PHILLIP ST,WATERLOO,2017.0,205000.0,LOT 4 FP 109837 VOL 7680 FOL 192,139.0,M,,,,,,1990-01-05,1990-01-05,,,,,,,1990,annual
211,ARCHIVE,T210517,,7,198,YOUNG ST,WATERLOO,2017.0,486000.0,LOT 7 S/P 36039,2169.0,M,,,,,,1990-01-05,1990-01-05,,,,,,,1990,annual
211,ARCHIVE,T210515,,5,198,YOUNG ST,WATERLOO,2017.0,939000.0,LOT 5 S/P 36039,2169.0,M,,,,,,1990-01-05,1990-01-05,,,,,,,1990,annual
92,ARCHIVE,T217885,,,29,PENKIVIL ST,WILLOUGHBY,2068.0,255000.0,PT LOTS 13/14 SEC 2 DP 4667,243.0,M,6.45/6.22X38.4,,A,,,1990-01-05,1990-01-05,,,,,,,1990,annual
162,ARCHIVE,T1382801000000,,,32,STOCKYARD CCT,WINGHAM,2429.0,25000.0,LOT 100 DP263438,1235.0,M,,,,,,1990-01-05,1990-01-05,,,,,,,1990,annual
211,ARCHIVE,T222892,,,159,CATHEDRAL ST,WOOLLOOMOOLOO,2011.0,220000.0,LOT 3 DP 596259 VOL 2097 FOL 796,136.0,M,6.69/6.55 X 9.72/9.77,,,,,1990-01-05,1990-01-05,,,,,,,1990,annual
22,ARCHIVE,T0225721800000,,,11,ANDERSON AV,YOUNG,2594.0,12500.0,LOT 52 DP778084,1160.0,M,,,,,,1990-01-05,1990-01-05,,,,,,,1990,annual
82,VALNET1,0758252000000,,,,,,,283000.0,LOT 9908 DP 776087. DUPLICATES OF VAL NO.S 7579/00904 7579/000905 & 7579/00906 RESPECTIVELY,,,,ER,A,,,1990-01-05,1990-01-05,,,,,,,1990,annual
8,ARCHIVE,T4562900000000,,,5,WELLS ST,ADAMSTOWN,2289.0,0.0,SEC F LOT 3 DP 10602,705.0,M,15.24 X 45.72,,A,,,1990-01-06,1990-01-06,,,,,,,1990,annual
92,ARCHIVE,T003958,,802,4,BROUGHTON RD,ARTARMON,2064.0,216000.0,LOT 44 SP 14712,0.0,M,,,A,,,1990-01-06,1990-01-06,,,,,,,1990,annual
4,ARCHIVE,0T22391911000,,,20,SOVEREIGN CL,FLORAVILLE,2280.0,58000.0,LOT 33 DP 802589,0.0,M,,,A,,,1990-01-06,1990-01-06,,,,,,,1990,annual
197,ARCHIVE,T688656,,,22,CENTRE ST,QUIRINDI,2343.0,40000.0,,817.0,M,,,,,,1990-01-06,1990-01-06,,,,,,,1990,annual
90,ARCHIVE,T0024230000000,,,11,BETOLA PL,RYDE,2112.0,0.0,LOT 17 DP29806,870.0,M,ARC.10.815/IRR X 39.07/,,,,,1990-01-06,1990-01-06,,,,,,,1990,annual
199,ARCHIVE,0134600000000,1881463.0,,,.,URALLA,2358.0,452500.0,PSH TORRYBURN PORS 21 48/51 55/58 77/81 84 85120 121 156 159 160 172 1,828.0,H,,,R,,,1990-01-07,1990-01-07,,,,,,,1990,annual
86,ARCHIVE,T605913,,,21,HOGAN ST,BALGOWLAH HEIGHTS,2093.0,0.0,LOT F DP36499,540.0,M,15.24X36.58,,A,,,1990-01-07,1990-01-07,,,,,,,1990,annual
14,ARCHIVE,T0517400000000,,,218,BUFF POINT AV,BUFF POINT,2262.0,0.0,LOT 84 DP 13209,980.0,M,17.37/15.24X65.25/64.47 17.370 X 65.250,,,,,1990-01-07,1990-01-07,,,,,,,1990,annual
174,ARCHIVE,0080951111000,,,,CASSEA ST,EVANS HEAD,2473.0,40000.0,LOT 33 DP 806937.,765.0,M,,,Z,,,1990-01-07,1990-01-07,,,,,,,1990,annual
4,ARCHIVE,0T22385523000,,,12,IMPERIAL CL,FLORAVILLE,2280.0,80000.0,LOT 86 DP 805383,1007.0,M,3.580 FRONTAGE,,A,,,1990-01-07,1990-01-07,,,,,,,1990,annual
235,ARCHIVE,T23532974,,,,MENINDEE ENVIRONMENTS,MENINDEE,2879.0,400.0,WLL 427  486  9864 & PO 68/22,41.0,H,,,A,,,1990-01-07,1990-01-07,,,,,,,1990,annual
214,ARCHIVE,178053500000,,,45,BANCROFT ST,OAKHURST,2770.0,55000.0,LOT 46 DP 805954.,460.2,M,,DX,A,,,1990-01-07,1990-01-07,,,,,,,1990,annual
84,ARCHIVE,T0508700000000,,,10,BURRANEER AVE,ST IVES,2075.0,271000.0,LOT 5 DP237717 S3,981.0,M,30.18/30.33X33.88/30.73,,,,,1990-01-07,1990-01-07,,,,,,,1990,annual
143,ARCHIVE,T0035370000000,,,234,HOMEBUSH RD,STRATHFIELD,2135.0,0.0,COR LOT 79 DP755,1007.0,M,20.320 X 49.560,,,,,1990-01-07,1990-01-07,,,,,,,1990,annual
199,VALNET1,0079428500000,,,,.,URALLA,2358.0,30500.0,PH ELTON LOT 87 DP 249072,2.0,H,,RC,R,,,1990-01-07,1990-01-07,,,,,,,1990,annual
575,ARCHIVE,T1154100000003,,,13,SWAN ST,WAGGA WAGGA,2650.0,102500.0,LOT 127 DP255715 SUBJ TO DE,738.0,M,18 X 41,,,,,1990-01-07,1990-01-07,,,,,,,1990,annual
3,ARCHIVE,T035870600000000,,,12,BELINA AV,WYOMING,2250.0,128500.0,LOT 213 DP 240031,658.0,M,,,A,,,1990-01-07,1990-01-07,,,,,,,1990,annual
4,VALNET1,4543310000000,171342.0,,31,CATALINA RD,BONNELLS BAY,2264.0,47000.0,LOT 71 DP 625580.,8994.0,M,,RF,R,,,1990-01-08,1990-01-08,,,,,,,1990,annual
137,VALNET1,0346200000000,1392721.0,,2,GORDON ST,BURWOOD,2134.0,255000.0,"PART LOT 25 DP 920726, LOT 26 DP 920726.",,,,A,A,,,1990-01-08,1990-01-08,,,,,,,1990,annual
137,ARCHIVE,0531100000000,1395112.0,,9,NEICH PDE,BURWOOD,2134.0,171000.0,LOT 1 DP 121824.,278.0,M,,,A,,,1990-01-08,1990-01-08,,,,,,,1990,annual
575,ARCHIVE,1579700000000,2715378.0,,,STURT HWY EAST,GUMLY GUMLY,2652.0,90000.0,"PSH GUMLY GUMLY LOT 24 DP 757232, SH 1919/1    .",24.14,H,,,R,,,1990-01-08,1990-01-08,,,,,,,1990,annual
140,VALNET1,2073210000000,1487867.0,,23,YARRAN RD,OATLEY,2223.0,190000.0,LOT 311 DP 733188.,691.4,M,,HR,A,,,1990-01-08,1990-01-08,,,,,,,1990,annual
656,ARCHIVE,2194510270000,2740404.0,,,THE FAIRWAY,PORT MACQUARIE,2444.0,61000.0,LOT 53 DP 807508.,1120.0,M,,,A,,,1990-01-08,1990-01-08,,,,,,,1990,annual
14,VALNET1,2778600000000,372989.0,,58,PEROUSE AVE,SAN REMO,2262.0,95000.0,LOT 354 DP 30316.,645.0,M,,CV,A,,,1990-01-08,1990-01-08,,,,,,,1990,annual
100,ARCHIVE,T6282000000000,,,6,MCCLEEREY PL,ALBION PARK,2527.0,160000.0,LOT 27 DP263741,810.0,M,ARC 14/34.86-16 X 32.7/38.01,,,,,1990-01-08,1990-01-08,,,,,,,1990,annual
50,ARCHIVE,T0432661310000,,,16,LA FONTAINE AV,ALBURY,2640.0,20390.0,DP735043 LOT 18,612.0,M,IRR/19.5X32.28/33.06,,,,,1990-01-08,1990-01-08,,,,,,,1990,annual
50,ARCHIVE,T0634500000000,,4,537,PRUNE ST,ALBURY,2640.0,0.0,SP 22464 LOT 4,0.0,M,,,A,,,1990-01-08,1990-01-08,,,,,,,1990,annual
100,ARCHIVE,T7981047000000,,,4,SCARBOROUGH CCT,ALBION PARK,2527.0,47750.0,LOT 516 DP791285,603.0,M,18 X 33.5,,,,,1990-01-08,1990-01-08,,,,,,,1990,annual
50,ARCHIVE,T0598550000000,,,651,PEARSALL ST,ALBURY,2640.0,140000.0,DP746182 LOT 5,741.0,M,19.42 X 38.2,,A,,,1990-01-08,1990-01-08,,,,,,,1990,annual
91,ARCHIVE,T0437110000000,,,12A,BATE AV,ALLAMBIE HEIGHTS,2100.0,142000.0,LOT 1 DP786364 SUBJ TO DE,600.0,M,23.70/23.08X27.84/24.51,,,,,1990-01-08,1990-01-08,,,,,,,1990,annual
142,ARCHIVE,T003329,,,22,HATTERSLEY ST,ARNCLIFFE,2205.0,120000.0,LOT37 DP1123 SEC 4,401.0,M,12.19X32.82/32.89,,,,,1990-01-08,1990-01-08,,,,,,,1990,annual
92,ARCHIVE,T72020000100000,,,164,HAMPDEN RD,ARTARMON,2064.0,0.0,SP9784,0.0,M,,,R,,,1990-01-08,1990-01-08,,,,,,,1990,annual
92,ARCHIVE,T004484,,1,164,HAMPDEN RD,ARTARMON,2064.0,200000.0,LOT 1 SP 9784,0.0,M,,,A,,,1990-01-08,1990-01-08,,,,,,,1990,annual
86,ARCHIVE,T013190,,3,1,WEST ST,BALGOWLAH,2093.0,415000.0,LOT 3 SP 4502,90.0,M,,,,,,1990-01-08,1990-01-08,,,,,,,1990,annual
171,ARCHIVE,T0124820000000,,,4,BOYLE AV,BANORA POINT,2486.0,54000.0,LOT 4 DP 250581,687.0,M,,,,,,1990-01-08,1990-01-08,,,,,,,1990,annual
171,ARCHIVE,T1377554900000,,29,26,TOOLONA AV,BANORA POINT,2486.0,135000.0,LOT 30 SP 33679,0.0,M,UNIT ENT : 3.125 %,,,,,1990-01-08,1990-01-08,,,,,,,1990,annual
4,ARCHIVE,0T42746031000,,,38,THOMAS ST,BARNSLEY,2301.0,91000.0,LOT 15 DP 631,0.0,M,,,A,,,1990-01-08,1990-01-08,,,,,,,1990,annual
100,ARCHIVE,T1570500000000,,,25,BARRACK AV,BARRACK HEIGHTS,2528.0,0.0,LOT 1 DP537281,556.0,M,16.18/13.46 X 37.85/38.10,,,,,1990-01-08,1990-01-08,,,,,,,1990,annual
97,ARCHIVE,T0213800000000,,,8,NORTH ST,BATEMANS BAY,2536.0,50000.0,LOT 1 DP380318,550.0,M,,,A,,,1990-01-08,1990-01-08,,,,,,,1990,annual
81,ARCHIVE,T015644,,,58,DELANEY DR,BAULKHAM HILLS,2153.0,240000.0,LOT 31 DP778775,1238.0,M,,,,,,1990-01-08,1990-01-08,,,,,,,1990,annual
82,ARCHIVE,T223934,,,14,LAMORNA AVE,BEECROFT,2119.0,245000.0,LOT 22 DP217863,923.0,M,23.010 X 39.780,,,,,1990-01-08,1990-01-08,,,,,,,1990,annual
14,ARCHIVE,383605117000,,,12,BON-MACE CL,BERKELEY VALE,2259.0,155000.0,LOT 117 DP 719820.,2366.0,M,,JF,I,,,1990-01-08,1990-01-08,,,,,,,1990,annual
18,ARCHIVE,T0185807,,,9,PARBERY AV,BERMAGUI,2546.0,47000.0,LOT 9 DP732355,605.0,M,,,,,,1990-01-08,1990-01-08,,,,,,,1990,annual
101,ARCHIVE,T1016392,,,106,KANGAROO VALLEY RD,BERRY,2535.0,255000.0,LOT 5 DP 255842,4410.0,M,,,A,,,1990-01-08,1990-01-08,,,,,,,1990,annual
1,ARCHIVE,T0036612000000,,,4,CHURCH ST,BRANXTON,2335.0,17000.0,SEC K LOT 12 DP1846,1012.0,M,20.12X50.29,,,,,1990-01-08,1990-01-08,,,,,,,1990,annual
137,ARCHIVE,531100000000,,,9,NEICH PD,BURWOOD,2134.0,171000.0,LOT 1 DP 121824.,278.2,M,,,A,,,1990-01-08,1990-01-08,,,,,,,1990,annual
218,ARCHIVE,T0032000000000,,,65,ALLMAN ST,CAMPBELLTOWN,2560.0,120000.0,LOT 261 DP32082,645.0,M,15.24X42.57,,,,,1990-01-08,1990-01-08,,,,,,,1990,annual
4,ARCHIVE,0T12857200000,,,286,MAIN RD,CARDIFF,2285.0,212500.0,LOT 1 DP 519194,0.0,M,,,B,,,1990-01-08,1990-01-08,,,,,,,1990,annual
144,ARCHIVE,T1962900000000,,,27,IRRUBEL RD,CARINGBAH,2229.0,200000.0,LOT 6 DP27691,587.0,M,15.24/14.63X39.62/39.01,,,,,1990-01-08,1990-01-08,,,,,,,1990,annual
4,ARCHIVE,0T12318000000,,,84,LOWRY ST,CARDIFF,2285.0,83000.0,LOT 23 DP 16174,0.0,M,,,A,,,1990-01-08,1990-01-08,,,,,,,1990,annual
141,ARCHIVE,T045358,,,51,GNARBO AVE,CARSS PARK,2221.0,365000.0,LOT 297 IN DP 12759,650.0,M,15.24X42.67,,,,,1990-01-08,1990-01-08,,,,,,,1990,annual
82,ARCHIVE,T225243,,,4,WREN PL,CASTLE HILL,2154.0,275000.0,LOT 9715 DP778387,782.0,M,11.950 X 44.570,,,,,1990-01-08,1990-01-08,,,,,,,1990,annual
1,ARCHIVE,T0001100000000,,,27,ABERDARE RD,CESSNOCK,2325.0,0.0,SEC 2 LOT 11,1011.0,M,20.12X50.29,,,,,1990-01-08,1990-01-08,,,,,,,1990,annual
4,ARCHIVE,0T15051000000,,,22,ALEXANDER PDE,CHARLESTOWN,2290.0,199000.0,LOT 11 DP 204736,708.0,M,,,A,,,1990-01-08,1990-01-08,,,,,,,1990,annual
92,ARCHIVE,T30330000000000,,,40,CLAUDE ST,CHATSWOOD,2067.0,365000.0,LOT 5 DP307434,420.0,M,12.19X34.14,,R,,,1990-01-08,1990-01-08,,,,,,,1990,annual
82,ARCHIVE,T225347,,,5,ABBEY PL,CHERRYBROOK,2126.0,365000.0,LOT 1037 DP785501,850.0,M,,,,,,1990-01-08,1990-01-08,,,,,,,1990,annual
101,ARCHIVE,T10112814,,,,POINTER RD,CONJOLA,2539.0,13300.0,LOTS 39 50 & 61 DP 792994,1.0,H,,,R,,,1990-01-08,1990-01-08,,,,,,,1990,annual
157,ARCHIVE,T625151,,,26,DULCONGHI ST,CRESCENT HEAD,2440.0,0.0,DP754441 POR 313 PH PALMERSTON COU MACQUARIE WEL 53/2,771.0,M,,,A,,,1990-01-08,1990-01-08,,,,,,,1990,annual
249,ARCHIVE,T24916569,,,,BARNES ST,DALGETY,2628.0,104000.0,LOT 100 DP800433,16.0,H,,,,,,1990-01-08,1990-01-08,,,,,,,1990,annual
91,ARCHIVE,T1580000000000,,11,10,FRANCIS ST,DEE WHY,2099.0,142000.0,LOT 11 SP6443,78.0,M,30.48/40.48X60.96,,,,,1990-01-08,1990-01-08,,,,,,,1990,annual
4,ARCHIVE,0T18970010000,,,12A,MINNIE ST,DORA CREEK,2264.0,0.0,LOT 70 DP 794193,0.0,M,,,A,,,1990-01-08,1990-01-08,,,,,,,1990,annual
204,ARCHIVE,T076500,,4,58,WRIGHTS RD,DRUMMOYNE,2047.0,347000.0,LOT 4 & 32 SP 3958,0.0,M,,,,,,1990-01-08,1990-01-08,,,,,,,1990,annual
114,ARCHIVE,199200000000,,,56,CHURCH ST,DUBBO,2830.0,82500.0,LOT 4 DP 259445.,435.2,M,,,B,,,1990-01-08,1990-01-08,,,,,,,1990,annual
204,ARCHIVE,T075270,,,46,RENWICK ST,DRUMMOYNE,2047.0,286500.0,LT 32 SEC 3 DP862,325.0,M,9.14X35.41/35.76,,,,,1990-01-08,1990-01-08,,,,,,,1990,annual
224,ARCHIVE,731603000000,,,7,GOUGH ST,EMU PLAINS,2750.0,175500.0,"LOT 40 DP 237290, LOT 41 DP 237290.",847.3,M,, M,A,,,1990-01-08,1990-01-08,,,,,,,1990,annual
82,ARCHIVE,T227539,,24,14,ESSEX ST,EPPING,2121.0,156000.0,LOT 24 SP 4301,0.0,M,,,,,,1990-01-08,1990-01-08,,,,,,,1990,annual
86,ARCHIVE,T087631,,,11,PARKVIEW RD,FAIRLIGHT,2094.0,305000.0,LOT 29 DP 106229 VOL 2297 FOL 195,223.0,M,6.05/6.12X36.58,,,,,1990-01-08,1990-01-08,,,,,,,1990,annual
204,ARCHIVE,T089069,,,20,JAMES ST,FIVE DOCK,2046.0,405000.0,LOT 10 DP20774,371.0,M,12.47X29.92/29.62,,,,,1990-01-08,1990-01-08,,,,,,,1990,annual
98,ARCHIVE,T0528027110000,,,25,WILLOWBANK PL,GERRINGONG,2534.0,51000.0,LOT 215 DP792192,670.0,M,,,,,,1990-01-08,1990-01-08,,,,,,,1990,annual
4,ARCHIVE,0T22626000000,,,36,JAMIESON ST,GATESHEAD,2290.0,62000.0,LOT 7 DP 18852,664.0,M,,,A,,,1990-01-08,1990-01-08,,,,,,,1990,annual
98,ARCHIVE,T0200521500000,,,13,GOWAN PL,GERRINGONG,2534.0,67000.0,LOT 306 DP793684,770.0,M,,,,,,1990-01-08,1990-01-08,,,,,,,1990,annual
98,ARCHIVE,T0200521700000,,,17,GOWAN PL,GERRINGONG,2534.0,67500.0,LOT 308 DP793684,799.0,M,,,,,,1990-01-08,1990-01-08,,,,,,,1990,annual
4,ARCHIVE,0T12475000000,,,529,MAIN RD,GLENDALE,2285.0,70000.0,LOT 25 DP 35726,639.0,M,,,A,,,1990-01-08,1990-01-08,,,,,,,1990,annual
4,ARCHIVE,0T20811100000,,,817,MAIN RD,GLENDALE,2285.0,0.0,LOT 11 DP 243100,525.0,M,,,A,,,1990-01-08,1990-01-08,,,,,,,1990,annual
31,ARCHIVE,T600535,,,,VILLAGE GUNDAROO,GUNDAROO,2620.0,35000.0,LOTS 3 & 4 SEC 22 DP758488 TOWN OF GUNDAROO,0.0,M,,,A,,,1990-01-08,1990-01-08,,,,,,,1990,annual
188,ARCHIVE,T0058420000000,,,26,MATHER ST,INVERELL,2360.0,0.0,LOT 7 DP241382,739.0,M,20.12X36.58,,,,,1990-01-08,1990-01-08,,,,,,,1990,annual
249,ARCHIVE,T24924717,,,14,CANDELBARK CCT,JINDABYNE,2627.0,69000.0,LOT 49 DP262690,921.0,M,,,,,,1990-01-08,1990-01-08,,,,,,,1990,annual
157,ARCHIVE,T646030,,,88,LIKA DR,KEMPSEY,2440.0,0.0,LOT 211 DP713806 POR 23 PH KALATEENEE COU DUDLEY POR 23 (PT 24),31.0,H,,,R,,,1990-01-08,1990-01-08,,,,,,,1990,annual
84,ARCHIVE,T1153900000000,,,11,GRASSMERE RD,KILLARA,2071.0,315000.0,LOT B (RESUB OF COR PT LOT 14 DP3629),765.0,M,15.77/14.48X49.61/49.45IRR,,,,,1990-01-08,1990-01-08,,,,,,,1990,annual
160,ARCHIVE,T16028976,,,28,FARNELL ST,LAWRENCE,2460.0,84500.0,LOT 2 SEC 57,1214.0,M,,,,,,1990-01-08,1990-01-08,,,,,,,1990,annual
135,ARCHIVE,T118870,,,10,RAILWAY ST,LIDCOMBE,2141.0,1400000.0,LOT 4 & PT 3 DP397,526.0,M,11.58X45.42,,4B,,,1990-01-08,1990-01-08,,,,,,,1990,annual
135,ARCHIVE,T118869,,CAN,8,RAILWAY ST,LIDCOMBE,2141.0,1400000.0,PT LOT 100 DP793305,679.0,M,14.94X45.42,,4B,,,1990-01-08,1990-01-08,,,,,,,1990,annual
84,ARCHIVE,T2050500000000,,,49,OWEN ST,LINDFIELD,2070.0,275000.0,PT LOT 25 DP4853,941.0,M,14.78X63.7,,,,,1990-01-08,1990-01-08,,,,,,,1990,annual
135,ARCHIVE,T655276,,,14,NOTTINGHILL RD,LIDCOMBE,2141.0,0.0,SEC 1 LOT 1 DP771,1003.0,M,20.12/19.79X50.29,,A,,,1990-01-08,1990-01-08,,,,,,,1990,annual
86,ARCHIVE,T123549,,2,32,THE CRESCENT,MANLY,2095.0,288500.0,LOT 2 SP 16991,206.0,M,,,,,,1990-01-08,1990-01-08,,,,,,,1990,annual
8,ARCHIVE,T4658200000000,,,3,WINDEYER ST,MAYFIELD,2304.0,50000.0,LOT 5 DP 14473,0.0,M,15.09 X 30.18,,,,,1990-01-08,1990-01-08,,,,,,,1990,annual
101,ARCHIVE,T10135342,,,79,GARSIDE RD,MOLLYMOOK BEACH,2539.0,48500.0,LOT 464 DP 246719,677.0,M,,,A,,,1990-01-08,1990-01-08,,,,,,,1990,annual
4,ARCHIVE,0T43882000000,,,178,FREEMANS DR,MORISSET,2264.0,72000.0,LOT 2 DP 378500,4401.0,M,,,A,,,1990-01-08,1990-01-08,,,,,,,1990,annual
142,ARCHIVE,T0487000000000,,,7,CHUTER AVE,MONTEREY,2217.0,1.0,LOT 2 SEC 6 DP 401,1010.0,M,20.12 X 50.29,,,,,1990-01-08,1990-01-08,,,,,,,1990,annual
4,ARCHIVE,0T28847300000,,,43,KESTREL AV,MOUNT HUTTON,2290.0,128000.0,LOT 1884 DP 264094,641.0,M,,,A,,,1990-01-08,1990-01-08,,,,,,,1990,annual
120,ARCHIVE,T0097600000000,,,19,HORATIO ST,MUDGEE,2850.0,0.0,LOT 1 DP634617 EASEMENT(S),1580.0,M,,,,,,1990-01-08,1990-01-08,,,,,,,1990,annual
92,ARCHIVE,T142387,,4,161A,WILLOUGHBY RD,NAREMBURN,2065.0,135000.0,LOT 4 SP 14570,0.0,M,,,A,,,1990-01-08,1990-01-08,,,,,,,1990,annual
251,ARCHIVE,171810000000,,,,.,NARROMINE,2821.0,270600.0,PH WIRRIGGI PORS 13 15 42 & 79/81,837.3,H,,RA,R,,,1990-01-08,1990-01-08,,,,,,,1990,annual
211,ARCHIVE,254844000000,,,43,CAMPBELL ST,NEWTOWN,2042.0,110000.0,LOT 1 DP 33910.4.32/4.37X 18.31,75.9,M,,BP,A,,,1990-01-08,1990-01-08,,,,,,,1990,annual
89,ARCHIVE,T084074,,8,9,DUNLOP ST,NORTH PARRAMATTA,2121.0,120000.0,LOT 8 SP 6514,0.0,M,,,,,,1990-01-08,1990-01-08,,,,,,,1990,annual
101,ARCHIVE,T10140471,,,4,LEANEY AV,NOWRA,2541.0,75000.0,LOT 10 DP 36428,677.0,M,18.16/17.27X42.16/36.55,,A,,,1990-01-08,1990-01-08,,,,,,,1990,annual
141,ARCHIVE,T155658,,,56,ANNETTE ST,OATLEY,2223.0,385000.0,LOT A DP 359133 .,1824.0,M,20.14/33.2X55.19/81.61,,,,,1990-01-08,1990-01-08,,,,,,,1990,annual
136,ARCHIVE,T0815700000000,,,110,GOW ST,PADSTOW,2211.0,10312500.0,LOT 101 DP 794445,4.0,H,169.71/IRR 290.65 X IRR 272.79/201.34,,,,,1990-01-08,1990-01-08,,,,,,,1990,annual
82,ARCHIVE,T232166,,,298,PENNANT HILLS RD,PENNANT HILLS,2120.0,220000.0,LOT 10 DP263536,632.0,M,16.210 X 38.480,,,,,1990-01-08,1990-01-08,,,,,,,1990,annual
192,ARCHIVE,T1066500000000,,,,PH MOREE,PH MOREE,0.0,165000.0,LOT 1 DP246081,6.0,H,,,R,,,1990-01-08,1990-01-08,,,,,,,1990,annual
12,ARCHIVE,T0029000160000,,,,BROKE LOC BROKE,PH HARROWBY,0.0,160000.0,PH HARROWBY LOT 2/3 SEC 47,17.0,H,,,,,,1990-01-08,1990-01-08,,,,,,,1990,annual
12,ARCHIVE,T0045653020000,,,,PH WHYBROW,PH WHYBROW,0.0,55000.0,PH WHYBROW LOT 2 DP790963,10.0,H,,,,,,1990-01-08,1990-01-08,,,,,,,1990,annual
211,ARCHIVE,T166995,,18,75,VICTORIA ST,POTTS POINT,2011.0,170000.0,LOT 18 SP20165,0.0,M,8.51/6.10 X 19.66/13.72ABT,,,,,1990-01-08,1990-01-08,,,,,,,1990,annual
211,ARCHIVE,T177681,,,79,KEPOS ST,REDFERN,2016.0,300000.0,LOT 21 SEC 2 DP 3600 VOL 10094 FOL 172,112.0,M,12.73/12.73 X 23.77/23.85,,,,,1990-01-08,1990-01-08,,,,,,,1990,annual
86,ARCHIVE,T189528,,,24,RICHMOND RD,SEAFORTH,2092.0,1000000.0,LOT 79 DP 5488,532.0,M,15.24X34.82/34.95,,,,,1990-01-08,1990-01-08,,,,,,,1990,annual
84,ARCHIVE,T2422400000000,,,12,SHELBY RD,ST IVES CHASE,2075.0,420000.0,LOT 8 DP223453,929.0,M,19.94X46.3,,,,,1990-01-08,1990-01-08,,,,,,,1990,annual
698,ARCHIVE,T0551500000002,,,10,DARLING ST,TAMWORTH,2340.0,136000.0,LOT 1 DP 782584,675.0,M,16.765 X 40.235,,,,,1990-01-08,1990-01-08,,,,,,,1990,annual
698,ARCHIVE,T0290851000002,,,,BROWNS LA,TAMWORTH,2340.0,50000.0,LOT 1 DP 790960,2.0,H,89.82 X 201.1/200.99,,,,,1990-01-08,1990-01-08,,,,,,,1990,annual
162,ARCHIVE,T0667351100000,,,,ARKWRIGHT CR,TAREE,2430.0,19500.0,LOT 20 DP730259,1959.0,M,,,,,,1990-01-08,1990-01-08,,,,,,,1990,annual
162,ARCHIVE,T1142300000000,,,19,WYNTER ST,TAREE,2430.0,74000.0,LOT 16 DP503360,556.0,M,,,,,,1990-01-08,1990-01-08,,,,,,,1990,annual
82,ARCHIVE,T232467,,,15,GOODLANDS AVE,THORNLEIGH,2120.0,190000.0,LOT A DP412192,708.0,M,15.240 X 46.760,,,,,1990-01-08,1990-01-08,,,,,,,1990,annual
14,ARCHIVE,0383605117000,,,,BON-MACE CL,TUMBI UMBI,2261.0,155000.0,LOT 117 DP 719820.,2366.0,M,,,I,,,1990-01-08,1990-01-08,,,,,,,1990,annual
171,ARCHIVE,T1070400000000,,,25,PIGGABEEN RD,TWEED HEADS,2485.0,130000.0,LOT 913 DP 31277,607.0,M,16.76 X 36.58,,,,,1990-01-08,1990-01-08,,,,,,,1990,annual
171,ARCHIVE,T1090250250000,,,50,PLOVER PL,TWEED HEADS,2485.0,93000.0,LOT 28 DP 264646,976.0,M,20.265/20.51 X 47.995/49.025,,,,,1990-01-08,1990-01-08,,,,,,,1990,annual
250,ARCHIVE,0254300000000,,,,URBEN ST,URBENVILLE,2176.0,30000.0,LOT 5 DP 512404.,480.0,M,,,Z,,,1990-01-08,1990-01-08,,,,,,,1990,annual
575,ARCHIVE,T0334806000009,,,8,DARRI ST,WAGGA WAGGA,2650.0,90000.0,LOT 5 DP734327 SUBJ TO E'MENT,800.0,M,20./19.98X 40.39/40.,,,,,1990-01-08,1990-01-08,,,,,,,1990,annual
101,ARCHIVE,T10166032,,,3,THE WOOL RD,VINCENTIA,2540.0,100000.0,LOT 1507 DP 25205,620.0,M,15.24/16.26X39.62/39.62,,,,,1990-01-08,1990-01-08,,,,,,,1990,annual
575,ARCHIVE,T1221300000008,,,25,TREVOR ST,WAGGA WAGGA,2650.0,80000.0,LOT 7 DP18981,626.0,M,13.72X45.72,,,,,1990-01-08,1990-01-08,,,,,,,1990,annual
8,ARCHIVE,T3612200000000,,,2,PRINCE ST,WARATAH,2298.0,0.0,LOT 1 DP 194103,455.0,M,12.88/12.04 X 19.47/31.57,,A,,,1990-01-08,1990-01-08,,,,,,,1990,annual
93,ARCHIVE,T0610900000000,,,195,GARDEN ST,WARRIEWOOD,2102.0,190000.0,PT LOT 12 DP 16387,0.0,M,19.48/30.48X42.72/IRR,,,,,1990-01-08,1990-01-08,,,,,,,1990,annual
219,ARCHIVE,T0000850000000,,,1126,WEBBS CREEK RD,WEBBS CREEK,2775.0,10000.0,LOT 49 DP753793,20.0,H,,,,,,1990-01-08,1990-01-08,,,,,,,1990,annual
4,ARCHIVE,0T41379000000,,,4,CANDISH CR,WHITEBRIDGE,2290.0,110000.0,LOT 28 DP 28966,563.0,M,,,A,,,1990-01-08,1990-01-08,,,,,,,1990,annual
88,ARCHIVE,T73980000000000,,2,2B,MILNER CRES,WOLLSTONECRAFT,2065.0,0.0,LOT 2 & 18 SP 135,0.0,M,UNIT ENT : 10 %,,A,,,1990-01-08,1990-01-08,,,,,,,1990,annual
88,ARCHIVE,T96602000000000,,5D,74,SHIRLEY RD,WOLLSTONECRAFT,2065.0,0.0,LOT 24 SP 4561,0.0,M,UNIT ENT : 3 %,,A,,,1990-01-08,1990-01-08,,,,,,,1990,annual
22,ARCHIVE,T0374200000000,,4,79,MAIN ST,YOUNG,2594.0,87500.0,LOT 4 SP 35884,73.0,M,,,,,,1990-01-08,1990-01-08,,,,,,,1990,annual
91,ARCHIVE,9999900000909,,,,,,2176.0,28000.0,LOT 11 DP 32388.,0.0,M,,,,,,1990-01-08,1990-01-08,,,,,,,1990,annual
250,ARCHIVE,254300000000,,,,,,,30000.0,PH FOREST LAND PORS 8 9 17 20,,,,,Z,,,1990-01-08,1990-01-08,,,,,,,1990,annual
108,VALNET1,0357300000000,1208504.0,,177,RANKIN ST,BATHURST,2795.0,50000.0,PT LOT 10 SEC 16,,,,,A,,,1990-01-09,1990-01-09,,,,,,,1990,annual
224,VALNET1,1741920000000,2583315.0,,51,THIRD RD,BERKSHIRE PARK,2765.0,131000.0,LOT 14 DP 748101 SUBJECT TO DRAINAGE EASEMENT.,1.627,H,,RB,R,,,1990-01-09,1990-01-09,,,,,,,1990,annual
211,VALNET1,1129300000000,2150510.0,,74,WATKIN ST,NEWTOWN,2042.0,175000.0,LOT 1 DP 547390. 5.49/5.54X28.35 ROW OVER STRIP 1.57X32.69/32.74 TO COPELANE AVE,151.8,M,,WP,A,,,1990-01-09,1990-01-09,,,,,,,1990,annual
172,ARCHIVE,0020510000000,1837613.0,,,FIRTH-HEINZ RD,PILLAR VALLEY,2462.0,35000.0,PH COLDSTREAM LOT 168 DP 751365 LOT 1 DP 254500,24.0,H,,,R,,,1990-01-09,1990-01-09,,,,,,,1990,annual
214,VALNET1,0219561000000,2158491.0,,17,BEARING RD,SEVEN HILLS,2147.0,810000.0,LOT 9 DP 248829.,1484.0,M,,FW,I,,,1990-01-09,1990-01-09,,,,,,,1990,annual
164,ARCHIVE,0377926000000,1799454.0,,,PH VALLEY VALLEY,VALLA,2448.0,30000.0,LOT 8 DP 804873.SUBJ TO DE'S,608.0,M,,,A,,,1990-01-09,1990-01-09,,,,,,,1990,annual
14,VALNET1,1308200570000,350938.0,,18,GOLF LINKS DR,WATANOBBI,2259.0,59500.0,LOT 59 DP 793403.,609.2,M,,DG,A,,,1990-01-09,1990-01-09,,,,,,,1990,annual
14,VALNET1,2749100000000,372587.0,,10,PAVITT CRES,WYONG,2259.0,240000.0,LOT 9 DP 250522.,2511.0,M,,JJ,I,,,1990-01-09,1990-01-09,,,,,,,1990,annual
100,ARCHIVE,T4906500000000,,,32,ILLAWARRA HWY,ALBION PARK,2527.0,150000.0,LOT 4 DP714125,2.0,H,,,,,,1990-01-09,1990-01-09,,,,,,,1990,annual
50,ARCHIVE,T0609901000000,,,749,PEMBERTON ST,ALBURY,2640.0,161000.0,DP527392 LOT 1,1164.0,M,23.07/26X44.8/41.73,,,,,1990-01-09,1990-01-09,,,,,,,1990,annual
50,ARCHIVE,T0819100000000,,,336,VALLOMBROSA ST,ALBURY,2640.0,0.0,DP12801 LOT 4,784.0,M,15.24X51.6/51.64,,A,,,1990-01-09,1990-01-09,,,,,,,1990,annual
135,ARCHIVE,T008621,,2,97,DARTBROOK RD,AUBURN,2144.0,103000.0,LOT2 SP 10468,0.0,M,,,2C,,,1990-01-09,1990-01-09,,,,,,,1990,annual
136,ARCHIVE,T3271900000000,,,161,NORTHAM AV,BANKSTOWN,2200.0,0.0,LOT 96 DP7367,835.0,M,18.29X50.57,,,,,1990-01-09,1990-01-09,,,,,,,1990,annual
142,ARCHIVE,T014332,,,8,EDITH ST,BARDWELL PARK,2207.0,170000.0,LOT 4 DP29683 VO 12652 FO 29,450.0,M,15.19/14.71X31.19/28.96,,,,,1990-01-09,1990-01-09,,,,,,,1990,annual
14,ARCHIVE,T1948002000000,,,1,LAMB CL,BATEAU BAY,2261.0,123950.0,LOT 3 DP 774858,625.0,M,,,,,,1990-01-09,1990-01-09,,,,,,,1990,annual
82,ARCHIVE,T223866,,33,8,HANNAH ST,BEECROFT,2119.0,120000.0,LOT 33 SP 35522,0.0,M,,,,,,1990-01-09,1990-01-09,,,,,,,1990,annual
224,ARCHIVE,T609030,,,,THIRD RD,BERKSHIRE PARK,2765.0,131000.0,LOT 14 DP748101,2.0,H,80.76/80.99X201.14/201.29,,,,,1990-01-09,1990-01-09,,,,,,,1990,annual
142,ARCHIVE,T0370300000000,,,122,CALEDONIAN ST,BEXLEY,2207.0,0.0,LOT 212 DP 555151,451.0,M,10.06X47.55,,,,,1990-01-09,1990-01-09,,,,,,,1990,annual
4,ARCHIVE,0T05925200000,,,12,REYNOLDS ST,BLACKALLS PARK,2283.0,30000.0,LOT 30 DP 7661,0.0,M,,,A,,,1990-01-09,1990-01-09,,,,,,,1990,annual
214,ARCHIVE,T023967,,,14,FELICIA PL,BLACKTOWN,2148.0,114000.0,LOT 13 DP 223934,790.0,M,,,,,,1990-01-09,1990-01-09,,,,,,,1990,annual
214,ARCHIVE,T024936,,,105,LOCK ST,BLACKTOWN,2148.0,100000.0,LOT 96 DP 29185,556.0,M,,,,,,1990-01-09,1990-01-09,,,,,,,1990,annual
97,ARCHIVE,T0453300000000,,,,PRINCES HIGHWAY SH1,BODALLA,2545.0,500000.0,LOT 3 DP 12290 (DP640886 - EASEMENT),94.0,H,,,R,,,1990-01-09,1990-01-09,,,,,,,1990,annual
209,ARCHIVE,T0293300000000,,11,70,CAMPBELL PDE,BONDI BEACH,2026.0,190000.0,LOT 11 SP 13031,0.0,M,UNIT ENT : 4.8 %,,,,,1990-01-09,1990-01-09,,,,,,,1990,annual
4,ARCHIVE,0T30914000000,,,177,GRAND PDE,BONNELLS BAY,2264.0,155000.0,LOT 5 DP 1996,0.0,M,,,A,,,1990-01-09,1990-01-09,,,,,,,1990,annual
4,ARCHIVE,0T08070000000,,,44,FIRST ST,BOOLAROO,2284.0,74000.0,LOT 18 DP 3655,0.0,M,,,A,,,1990-01-09,1990-01-09,,,,,,,1990,annual
1,ARCHIVE,T0039680000000,,,43,RAILWAY ST,BRANXTON,2335.0,0.0,SEC 9 LOT 3 DP8027,1038.0,M,16.65X61.88/65.04,,,,,1990-01-09,1990-01-09,,,,,,,1990,annual
144,ARCHIVE,T0559700000000,,,36A,BUNDEENA DR,BUNDEENA,2230.0,178000.0,LOT 423 DP590327 APPT TO ROW & EMENT,1515.0,M,32.44/30.48X42.60/53.72,,,,,1990-01-09,1990-01-09,,,,,,,1990,annual
137,ARCHIVE,T040467,,,31,WYATT AVE,BURWOOD,2134.0,665000.0,COR LANE 6 DP3920,1625.0,M,20.12X80.77,,,,,1990-01-09,1990-01-09,,,,,,,1990,annual
226,ARCHIVE,T0112713000000,,,154,BUXTON RD,BUXTON,2571.0,265000.0,LOT 3 DP622506,2.0,H,,,,,,1990-01-09,1990-01-09,,,,,,,1990,annual
220,ARCHIVE,T000710000,,1,3,ACACIA ST,CABRAMATTA,2166.0,81000.0,LOT 1 SP 35333,0.0,M,,,,,,1990-01-09,1990-01-09,,,,,,,1990,annual
220,ARCHIVE,T14303,,,219,JOHN ST,CABRAMATTA WEST,2166.0,999999.0,LOT 13 DP 523994,695.0,M,18.29X38.28,,,,,1990-01-09,1990-01-09,,,,,,,1990,annual
81,ARCHIVE,T043714,,,5,MOSELEY ST,CARLINGFORD,2118.0,415000.0,LOT 1 DP502262,2561.0,M,,,,,,1990-01-09,1990-01-09,,,,,,,1990,annual
1,ARCHIVE,T0002430600000,,,17,CESSNOCK ST,CESSNOCK,2325.0,0.0,LOT 8 DP259523 SUBJ TO E'MENT,848.0,M,25X34.11,,,,,1990-01-09,1990-01-09,,,,,,,1990,annual
92,ARCHIVE,T10590000000000,,,8,MORIARTY RD,CHATSWOOD WEST,2067.0,220000.0,LOT B DP106994,134.0,M,3.63/7.04XIRR31.88/IRR34.72,,R,,,1990-01-09,1990-01-09,,,,,,,1990,annual
82,ARCHIVE,1880488100000,,,26,NEALE AV,CHERRYBROOK,2120.0,232000.0,LOT 12 DP 262090 SUBJECT TO DRAINAGE EASEMENT.,1014.0,M,,ER,A,,,1990-01-09,1990-01-09,,,,,,,1990,annual
82,ARCHIVE,T226118,,,26,NEALE AVE,CHERRYBROOK,2126.0,232000.0,LOT 1 SP 35882,0.0,M,,,,,,1990-01-09,1990-01-09,,,,,,,1990,annual
103,ARCHIVE,729230000000,,,LOT 203,CATER ST,COLEDALE,2515.0,40000.0,LOT 303 DP 836613.,2206.0,M,,PM,P,,,1990-01-09,1990-01-09,,,,,,,1990,annual
103,ARCHIVE,T3466000000000,,,95,PRINCES HWY,CORRIMAL,2518.0,0.0,LOT 23 DP448463 S1,588.0,M,12.1X47.24,,A,,,1990-01-09,1990-01-09,,,,,,,1990,annual
103,ARCHIVE,T4350900000000,,2,27,UNDERWOOD ST,CORRIMAL,2518.0,80000.0,LOT 2 SP 15584,0.0,M,,,,,,1990-01-09,1990-01-09,,,,,,,1990,annual
134,ARCHIVE,T065065,,,7,BIRRIGA RD,CROYDON,2132.0,210000.0,LOT 8 DP13989,378.0,M,14.2X26.62,,,,,1990-01-09,1990-01-09,,,,,,,1990,annual
97,ARCHIVE,T1191700000000,,,28,NIOKA ST,DALMENY,2546.0,24000.0,LOT 114 DP203032,601.0,M,15.23 X 39.62,,A,,,1990-01-09,1990-01-09,,,,,,,1990,annual
103,ARCHIVE,T1645400000000,,,23,GLOUCESTER CRES,DAPTO,2530.0,75000.0,LOT 47 DP28252,0.0,M,18.29X32.44,,,,,1990-01-09,1990-01-09,,,,,,,1990,annual
211,ARCHIVE,T068435,,,263,FORBES ST,DARLINGHURST,2010.0,255000.0,LOT 4 DP 32355 VOL 8326 FOL 157,95.0,M,,,,,,1990-01-09,1990-01-09,,,,,,,1990,annual
91,ARCHIVE,T0860010000000,,15,32,CASSIA ST,DEE WHY,2099.0,194000.0,LOT 15 SP35115,92.0,M,40.24X45.19/45.28,,,,,1990-01-09,1990-01-09,,,,,,,1990,annual
1,ARCHIVE,T0027183000000,,,8,SHORT ST,ELLALONG,2325.0,18500.0,SEC 22 LOT 10,1771.0,M,,,,,,1990-01-09,1990-01-09,,,,,,,1990,annual
89,ARCHIVE,T083495,,3,8,ANGUS AVE,EPPING,2121.0,262500.0,LOT 3 SP 35933,217.0,M,,,,,,1990-01-09,1990-01-09,,,,,,,1990,annual
82,ARCHIVE,T228154,,,9,SOMERSET ST,EPPING,2121.0,187100.0,LOT A DP353020,697.0,M,15.240 X 45.720,,,,,1990-01-09,1990-01-09,,,,,,,1990,annual
86,ARCHIVE,T087251,,,10,HILLTOP CRES,FAIRLIGHT,2094.0,565000.0,LOT 2 SP 12476,424.0,M,15.47/15.27X27.6/27.62,,,,,1990-01-09,1990-01-09,,,,,,,1990,annual
86,ARCHIVE,T086862,,6,2,FAIRLIGHT CRES,FAIRLIGHT,2094.0,131000.0,LOT 6 SP 8389,465.0,M,15.24X30.48,,,,,1990-01-09,1990-01-09,,,,,,,1990,annual
4,ARCHIVE,0T13803020000,,,2,PROGRESS PL,GARDEN SUBURB,2289.0,220000.0,LOT 72 DP 540698,1037.0,M,,,A,,,1990-01-09,1990-01-09,,,,,,,1990,annual
81,ARCHIVE,T0922300000000,,,28,NEICH RD,GLENORIE,2756.0,0.0,LOT 202 DP752047,20.0,H,,,,,,1990-01-09,1990-01-09,,,,,,,1990,annual
89,ARCHIVE,T639224,,,15,SMITH ST,GRANVILLE,2142.0,2.0,LOT 8 DP 975187 SEC 1,370.0,M,,,A,,,1990-01-09,1990-01-09,,,,,,,1990,annual
31,ARCHIVE,T03121578,,,,PH DIXON,GUNNING,2581.0,100000.0,PH DIXON LOT 205 DP754113 LI 90/2,60.0,H,,,,,,1990-01-09,1990-01-09,,,,,,,1990,annual
222,ARCHIVE,T600554,,,,RYDAL RD,HAMPTON,2790.0,0.0,PH LOWTHER PORTION PT 92,8094.0,M,,,,,,1990-01-09,1990-01-09,,,,,,,1990,annual
218,ARCHIVE,T0643000000000,,,23,MACQUARIE RD,INGLEBURN,2565.0,49000.0,LOT 4 DP15232 SEC 6,512.0,M,22.56/19.43X25.02/31.62,,,,,1990-01-09,1990-01-09,,,,,,,1990,annual
188,ARCHIVE,T0068840000000,,,79,URABATTA ST,INVERELL,2360.0,0.0,COR PT LOT 19 (3) SEC 2 DP5357,872.0,M,25.15X35.05 SPL COR,,,,,1990-01-09,1990-01-09,,,,,,,1990,annual
188,ARCHIVE,T0047580000000,,,92,GEORGE ST,INVERELL,2360.0,0.0,PT LOT 9 (9A) SEC 3,860.0,M,38.4/54.69 X 3.07/41.96,,,,,1990-01-09,1990-01-09,,,,,,,1990,annual
199,ARCHIVE,T643367,,,,KENDALL RD,INVERGOWRIE,2350.0,27000.0,PH ELTON LOT 37 DP249071,2.0,H,,,,,,1990-01-09,1990-01-09,,,,,,,1990,annual
8,ARCHIVE,T0858500000000,,,15,COAL ST,ISLINGTON,2296.0,84000.0,SEC C COR LOT 13,0.0,M,11.28 X 25.60,,,,,1990-01-09,1990-01-09,,,,,,,1990,annual
98,ARCHIVE,T0239871700000,,,18,ISABELLA PL,KIAMA,2533.0,85000.0,LOT 22 DP791923,1105.0,M,,,,,,1990-01-09,1990-01-09,,,,,,,1990,annual
98,ARCHIVE,T0099220540000,,,11,CEDAR RIDGE RD,KIAMA,2533.0,51000.0,LOT 106 DP793284,1000.0,M,,,,,,1990-01-09,1990-01-09,,,,,,,1990,annual
218,ARCHIVE,T0415430000000,,,147,GEORGES RIVER RD,KENTLYN,2560.0,0.0,LOT 2403 DP715688,2.0,H,72.42 X 276.17,,,,,1990-01-09,1990-01-09,,,,,,,1990,annual
142,ARCHIVE,T112959,,3,21,UNION ST,KOGARAH,2217.0,170000.0,LOT 3 SP23163 VO 15383 FO 53,0.0,M,,,,,,1990-01-09,1990-01-09,,,,,,,1990,annual
1,ARCHIVE,T0102881500000,,,47,NORTHCOTE ST,KURRI KURRI,2327.0,0.0,PT LOT B DP319590 (BEING PT POR 535) ROAD WIDENING DP46776,1513.0,M,,,,,,1990-01-09,1990-01-09,,,,,,,1990,annual
